ACND,A N Dev Nagar
AHA,Abhaipur
AYU,Abhayapuri Asam
ABS,Abohar
ABR,Abu Road
ULD,Achalda
AH,Achhnera Junction
ADD,Adas Road
ADVI,Adavali
AAR,Adesar
ABZ,Adgaon Buzurg
ADTL,Adhartal
ADQ,Adhikari
ADST,Adi Saptagram
ADB,Adilabad
ADF,Adina
AI,Adipur
ADTP,Adityapur
AD,Adoni
ADRA,Adra Junction
ANDI,Adrsh Ngr Delhi
ADT,Aduturai
AGTL,Agartala
AGD,Agasod
AWP,Aghwanpur
AGMN,Agomoni
AGY,Agori Khas
AGC,Agra Cantt
AGA,Agra City
AF,Agra Fort
AHLR,Ahalyapur
AHD,Aherwadi
AHN,Ahiran
AHH,Ahmadgarh
ANG,Ahmadnagar
AMP,Ahmadpur Junction
ADI,Ahmedabad Junction
ADIJ,Ahmedabad Mg
ARW,Ahraura Road
ASH,Aishbagh
AIT,Ait
ATMO,Aithal
AJR,Ajaibpur
ANI,Ajanti
AIA,Ajaraka
AJ,Ajgain
AJP,Ajjampur
AII,Ajmer Junction
AJNI,Ajni
AJN,Ajnod
AKOR,Akalkot Road
AKT,Akaltara
AKE,Akanapet
AMY,Akathumuri
AKJ,Akbarganj
AKN,Akbarnagar
ABP,Akbarpur
AKVD,Akividu
API,Akkaraippatti
AKD,Akodia
AK,Akola Junction
AKR,Akolner
AKOT,Akot
AYRN,Akshaywat R Ngr
AKRD,Akurdi
ALJ,Alai
ALAI,Alai
ALM,Alamanda
AMG,Alamnagar
ALMR,Alampur
ALN,Alandi
ALER,Aler
AIG,Algawan
ALB,Alia Bada
ALJN,Aligarh Junction
APD,Alipur Duar
APDJ,Alipur Duar Junction
ALY,Allahabad City
ALD,Allahabad Junction
ALLP,Alleppey
AXR,Alluru Road
LMT,Almatti
LWR,Alnavar Junction
ALNI,Alniya
AUB,Aluabari Road
AWY,Aluva
ALW,Alwal
AWR,Alwar
AGZ,Amagura
AN,Amalner
AML,Amalsad
ARD,Amarda Road
AGR,Amargarh
APA,Amarpura
AMPR,Amarpura Rathan
AMS,Amausi
AADR,Amb  Andaura
AGB,Ambagaon
UMB,Ambala Cant Junction
UBC,Ambala City
AMPA,Ambalapuzha
ABLE,Ambale
ABFC,Ambari Falakata
ABH,Ambarnath
ABSA,Ambasa
ASD,Ambasamudram
ABI,Ambaturai
ABKA,Ambika Kalna
AMBR,Ambika Rohina
ABKP,Ambikapur
ABD,Ambli Road
UMN,Ambliyasan
AMB,Ambodala
AB,Ambur
UDR,Amdara
AME,Amethi
AGN,Amgaon
AGI,Amguri
AMLA,Amla Junction
AAL,Amlai
AMX,Amlakhurd
AMLI,Amli
ANB,Ammanabrolu
AMSA,Ammasandra
AMQ,Ammuguda
AONI,Amoni
AMI,Amravati
AMC,Amritapura
ASR,Amritsar Junction
AMRO,Amroha
AKP,Anakapalle
ANND,Anand Junction
ANDN,Anand Nagar
ANVR,Anand Vihar
ANVT,Anand Vihar Trm
ANF,Anandapuram
ANSB,Anandpur Sahib
ATP,Anantapur
ANT,Anantnag
APT,Anaparti
ANR,Anara
ANAS,Anas
AVN,Anavardikhanpet
ACL,Ancheli
UDL,Andal Junction
ADH,Andheri
ADL,Andul
AAM,Angadippuram
AFK,Angamali
AAG,Angar
ANGL,Angul
ANO,Anjani
AJE,Anjar
AJI,Anjhi Shahabad
ANKX,Ank Mmr Direct
ANK,Ankai
AKV,Ankleshwar Junction
ANKL,Ankola
ANH,Ankorah Akorha
ANV,Annavaram
NGR,Annigeri
ANPR,Anpara
ATH,Antah
ANTU,Antu
AUBR,Anugraha N Road
APR,Anuppur Junction
AUS,Anupshahr
AO,Aonla
APL,Appikatla
APTA,Apta
ARA,Ara
ARAG,Arag
AJJ,Arakkonam
ARK,Arakku
AAY,Aralvaymozhi
ARN,Arand
ANMD,Arang Mahanadi
ARR,Arariya
ARQ,Arariya Court
AVRD,Aravali Road
AVK,Aravankadu
ARGD,Arigada
ALU,Ariyalur
AS,Arjansar
AJU,Arjuni
ARE,Arnetha
ARV,Arni Road
ARNA,Arnia
ASK,Arsikere Junction
ANY,Arumuganeri
ARCL,Arunachal
APK,Aruppukkottai
AFR,Asafpur
JOB,Asalpur Jobner
ASO,Asangaon
ASN,Asansol Junction
AST,Asaoti
ASV,Asarva Junction
AQG,Ashapura Gomat
ASKN,Ashok Nagar
AP,Ashokapuram
ASTG,Ashtegaon
ASAF,Asifabad Road
ANA,Aslana
ASL,Aslaoda
AXK,Asokhar
AAS,Asranada
ATT,Atari
ATE,Atarra
AEL,Ateli
ATL,Athmal Gola
ARP,Atrampur
ATRU,Atru
ATS,Attabira
ATR,Attar
AL,Attili
AIP,Attippattu
ATU,Attur
ATUL,Atul
AJRE,Aujari
AED,Aulenda
AUNG,Aung
ARJ,Aunrihar Junction
AWB,Aurangabad
OSA,Ausa Road
AVS,Auvaneswsarem
AUWA,Auwa
AVD,Avadi
ATPA,Awantipura
ATNR,Awatarnagar
AY,Ayodhya
APN,Ayodhyapattanam
AMH,Azamgarh
AZR,Azamnagar Road
ACLE,Azimganj City
AZ,Azimganj Junction
BEY,B Cement Nagar
BTP,Babatpur
BV,Babhnan
BAB,Babina
BBA,Babrala
BBO,Babugarh
BUPH,Babupeth
BCHL,Bacheli
BCN,Bachhrawan
BCA,Bachwara Junction
BAD,Bad
BDBA,Badabandha
BDM,Badami
BPY,Badampudi
BPB,Badarpur Junction
BDWS,Badarwas
BDXX,Bade Arapur
BDHL,Badhal
BDWA,Badhwa Bara
BDZ,Badkulla
BHB,Badla Ghat
BUD,Badlapur
BHD,Badli
BUDM,Badmal
BDU,Badnapur
BD,Badnera Junction
BDDR,Badodar
BNZ,Badshahnagar
BSE,Badshahpur
BLPR,Badulipar
BPG,Badurpur Ghat
BWS,Badwasi
BUG,Bagaha
BGHI,Bagahai Road
BGA,Bagalia
BGK,Bagalkot
BGBR,Bagbahra
BEH,Bagdihi
BF,Bagetar
BSRX,Bagevadi Road
BGH,Baghauli
BORA,Baghdogra
BGRA,Baghnapara
BJQ,Baghora
BGPL,Baghuapal
BZN,Bagnan
BGTA,Bagra Tawa
BQN,Bagri Nagar
BGX,Bagri Sajjanpur
BGMR,Bagumra
BAGD,Bagwada (Halt)
BWB,Bagwali
BSS,Bahadur Singh W
BGZ,Bahadurgarh
BPD,Bahadurpur
BHI,Baheri
BJ,Bahjoi
BRK,Bahraich
BGUA,Baiguda
BATL,Baihatola
BKTH,Baikunth
BRH,Baikunthpur Road
BOI,Bainchi
BIH,Bairagarh
BGU,Bairagnia
BALR,Baitalpur
BTV,Baitarani Road
BYPL,Baiyyappanahali
BJG,Bajrangarh
BJUD,Bajud
BJW,Bajva
BQE,Bakanian Bhaunr
BQQ,Bakhleta
BKP,Bakhtiyarpur Junction
BKTL,Baktal
BKLE,Bakudi
BBPM,Balabhadrapuram
BRAM,Balabnramapuram
BGAE,Balagarh
BTC,Balaghat Junction
BLM,Balamu Junction
BLGR,Balangir
BLS,Balasore
BLW,Balawali
BALE,Bale
BLR,Balganur
BPQ,Balharshah
BAE,Baliakheri
BCK,Balichak
BVH,Ballabgarh
BAHI,Ballenahalli
BUI,Ballia
BLY,Bally
BXA,Balod
BLT,Balotra Junction
BPRH,Balpur Halt
BLP,Balrampur
BLSD,Balsamand
BALU,Balugan
BLGT,Balurghat
BMNL,Bamanwali
BMU,Bamhrauli
BMLL,Bamla
BMI,Bamnia
BMB,Bamra
BYN,Banahi
BPF,Banapura
BNO,Banar
BNS,Banas
BAND,Banaswadi
BNSA,Banbasa
BNDA,Banda Junction
BNU,Bandakpur
BDW,Bandanwara
BXK,Bandarkhal
BDC,Bandel Junction
BR,Bandh Bareta
BNF,Bandhua
BKI,Bandikui Junction
BDTS,Bandra Terminus
BNC,Bangalore Cant
SBC,Bangalore Cy Junction
BNCE,Bangalore East
BWY,Bangarapet
BWT,Bangarapet
BGY,Bangriposi
BOD,Bangrod
BANI,Bani
BNBH,Bani Bihar
BAHL,Banihal
BS,Banisar
BAKA,Banka
BKG,Banka Ghat
BNKR,Banka Road Oa
BTK,Bankata
BKH,Bankhedi
BQA,Bankura
BAO,Banmor
BANO,Bano
BPS,Banpas
BSAE,Bansh Baria
BSBR,Banshlai Bridge
BIQ,Bansi Paharpur
BSQP,Bansipur
BSKO,Banskho
BSPX,Banspani
BNLW,Bansthali Niwai
BGG,Banta Rnathgarh
BLL,Bantanahal
BNTL,Bantawala
BTRA,Banthra
BOTI,Baori Thikria
BAF,Bap
BPP,Bapatla
MKI,Bapudm Motihari
BMKI,Bapudm Motihari
BAR,Bar
BJMD,Bara Jamda
BRM,Barabambo
BBK,Barabanki Junction
BBM,Barabhum
BBN,Barabil
BCQ,Barachak
BUA,Baradwar
BAGL,Baragopal
BHLE,Barahat
BRHU,Barahu
BRGM,Baraigram Jn
BRR,Barakar
BARL,Baral
BRMT,Baramati
BAZ,Baran
BRAG,Barang
RAA,Barara
BJU,Barauni Junction
BTU,Baraut
BBTR,Barbatpur
BCRD,Barchi Road
BWN,Barddhaman Junction
BRDH,Bardhana Halt
BIY,Bardoli
BRY,Bareilly
BE,Bareilly
BC,Bareilly City
BJD,Barejadi
BQM,Barelipur
BRZ,Bareta
BET,Bareth
BRG,Bargarh
BRGA,Bargarh Road
BRGW,Bargawan
BUQ,Bargi
BARH,Barh
BRN,Barhan
BHW,Barharwa Junction
BRYA,Barhiya
DKGS,Barhiya
BNY,Barhni
BBMN,Bari Brahman
BUP,Bariarpur
BPO,Baripada
BRW,Bariwala
BRKA,Barka Kana
BKA,Barkhera
BSYA,Barkisalalya
BKJ,Barkur
BLAX,Barlai
BME,Barmer
BNN,Barnala
BOF,Barog
BRPL,Barpali
BXP,Barpathar
BPRD,Barpeta Road
BP,Barrackpore
BJR,Barrajpur
BYS,Barsali
BTW,Barsi Town
BOE,Barsoi Junction
BZO,Barsola
BBGN,Barua Bamungaon
BRUD,Barud
BWR,Barwa Sagar
BRWD,Barwadih Junction
BWW,Barwaha
BXC,Barwala
BYHA,Barya Ram
BZY,Basai
BSPL,Basampalle
BSTP,Basantapur
BSX,Basar
BSI,Basbari
BTG,Basharatganj
BBQ,Basin Bridge Junction
BMF,Basmat
BANE,Basni
BAI,Bassi
BSPN,Bassi Pathanam
BTS,Basta
BST,Basti
BSGN,Basugaon
BSKH,Basukinath
BU,Baswa
BAT,Batala Junction
BSLE,Bataspur
BTIC,Bathinda Cantt.
BVA,Bauria Junction
BWL,Bawal
BWK,Bawani Khera
BXN,Bayana Junction
BUT,Baytu
BVM,Bayyavaram
BZLE,Bazarsau
BPZ,Bazpur
BEAS,Beas
BER,Beawar
BHWA,Bechhiwara
BMT,Begampet
BGW,Begdewadi
BGS,Begu Sarai
BEG,Behtagokul
BHLA,Behula
BFR,Bekal Fort
BELA,Bela
BTX,Bela Tal
BLK,Belakoba
BPA,Belampalli
BAP,Belapur
BLSR,Belasar
BLDA,Belda
BEB,Beldanga
BIG,Belgahna
BGM,Belgaum
BLH,Belgharia
BYL,Belha
BMKD,Bellamkonda
BYC,Bellary Cant
BAY,Bellary Junction
BNHL,Bellenahalli
BPH,Belpahar
BXM,Belrayan
BLSN,Belsonda
BLTR,Belthara Road
BWD,Belvandi
BEHR,Beohari
BRNA,Berawanya
BCH,Berchha
BPC,Berhampore Crt
BRMO,Bermo
BSRL,Besroli
BMH,Betamcherla
BEW,Betavad
BTPD,Bethampurdi
BTY,Bethuadahari
BTQ,Betnoti
BTH,Bettiah
BZU,Betul
BNL,Bevinahalu
BAH,Bhabhar
BFT,Bhabta
BBU,Bhabua Road
BCO,Bhachau
BCOB,Bhachau Bg
BDN,Bhadan
BUU,Bhadanpur
BWH,Bhadaura
BVB,Bhadbhadaghat
BBAI,Bhadbhunja
BDI,Bhadli
BOY,Bhadohi
BDCR,Bhadrachalam Road
BHC,Bhadrakh
BDVT,Bhadravati
BHR,Bhadreshwar
BHDR,Bhadri
BBY,Bhadroli
VAA,Bhaga Junction
BGP,Bhagalpur
ZZZZ,Bhagalpur
BGKT,Bhagat Ki Kothi
BQG,Bhagwangola
BNR,Bhagwanpur
BGPR,Bhagwanpura
BRU,Bhairoganj
BOG,Bhairongarh
BKNG,Bhakti Nagar
BHLK,Bhalki
BFM,Bhalui
BKRD,Bhaluka Road F
BLMR,Bhalukmara
BUL,Bhalulata
BLMK,Bhalumaska
BLNI,Bhalwani
BAK,Bhan Kari
BNP,Bhanapur
BUX,Bhandak
BRD,Bhandara Road
BHME,Bhandaridah
BHU,Bhandu Motidau
BHNS,Bhansi
BNVD,Bhanvad
BNUD,Bhanvad
BHTK,Bhanwar Tonk
BNWS,Bhanwasa
BTKP,Bharat Kup
BTE,Bharatpur Junction
BHRL,Bharoli
BNT,Bharthana
BH,Bharuch Junction
BSZ,Bharwa Sumerpur
BRE,Bharwari
BYT,Bhatapara
BTI,Bhatinda Junction
BTSD,Bhatisuda(Halt)
BHTA,Bhatiya
BTKL,Bhatkal
BTJL,Bhatkal
BTT,Bhatni Junction
BHG,Bhaton Ki Gali
BHTR,Bhatpar Rani
BQU,Bhattiprolu
BHT,Bhattu
BVP,Bhavanagar Para
BVNR,Bhavani Nagar
BVC,Bhavnagar Trmus
BWM,Bhawani Mandi
BWIP,Bhawanipatna
BYR,Bhayandar
BHY,Bhayavadar
BDH,Bhedia
BEP,Bheerpur
BHJA,Bheja
BRGT,Bheraghat
BFY,Bhesana
BILA,Bheslana
BHET,Bhestan
BGVN,Bhigwan
BKU,Bhiknur
BLD,Bhilad
BIA,Bhilai
BPHB,Bhilai Pwr Hs
BQR,Bhilainagar
BVQ,Bhilavdi
BLDI,Bhildi
BHL,Bhilwara
BMD,Bhimadolu
BIML,Bhimal
BMC,Bhimalgondi
BMN,Bhimana
BMSB,Bhimasar Bg
BVRM,Bhimavaram Junction
BVRT,Bhimavaram Town
BMGA,Bhimgara
BMKJ,Bhimkhoj
BZM,Bhimsen
BIX,Bhind
BWA,Bhinwaliya
BIK,Bhira Kheri
BTO,Bhitaura
BHTN,Bhitoni
BVS,Bhivpuri Road
BIRD,Bhiwandi Road
BNW,Bhiwani
BNWC,Bhiwani City
BPRS,Bhogpur Sirwal
BPR,Bhojipura Junction
BOJ,Bhojo
BJE,Bhojudih Junction
BOKR,Bhokar
BOKE,Bhoke
BHV,Bhoma
BHNE,Bhone
BGQ,Bhongaon
BG,Bhongir
BON,Bh Onra
BPL,Bhopal  Junction
BFJ,Bhoras Budrukh
BRTK,Bhortex
BBS,Bhubaneswar
BCU,Bhuchchu
BPK,Bhugaon
BHUJ,Bhuj
BHLP,Bhulanpur
BLO,Bhulon
BSJ,Bhupalsagar
BEF,Bhupdeopur
VPO,Bhupia Mau
BHKD,Bhurkunda
BSDP,Bhusandpur
BSL,Bhusaval Junction
BTSR,Bhuteshwar
BN,Bibinagar
BIC,Bichia
BID,Bidadi
BDNP,Bidanpur
BIDR,Bidar
BNXR,Bidhan Nagar
BIU,Bidupur
BIGA,Bigga
BQP,Bighapur
BEHS,Bihar Sharif
BHZ,Bihara
BEA,Bihiya
BTA,Bihta
BJNR,Bijainagar
BJP,Bijapur
BJI,Bijauli
VST,Bijaysota
BJF,Bijni
BJO,Bijnor
BIJR,Bijoor
BJK,Bijora
BJIH,Bijuli Halt
BJRI,Bijuri
BWSN,Bijwasan
BKN,Bikaner Junction
BVL,Bikkavolu
BKSL,Bikram Shila
BMR,Bikrampur
BSP,Bilaspur Junction
BLQR,Bilaspur Road
BLOR,Bilaspur Road
BILD,Bildi
BZG,Bilga
BLG,Bilhar Ghat
BLU,Bilhaur
BIM,Bilimora Junction
BXLL,Billi
BLPU,Bilpur
BWI,Bilwai
BINA,Bina Junction
VNK,Binaiki
BDYK,Bindayaka
BKO,Bindki Road
BNV,Binnaguri
BIR,Bir
BDWL,Biradhwal
BAMA,Birambad
BRMD,Biramdih
BMK,Birang Khera
BRPT,Birapatti
BLNR,Birlanagar
BIJ,Birnagar
BEO,Birohe
BRLY,Biroliya
BRS,Birsinghpur
RRB,Birur Junction
BIWK,Bisalwas Kalan
BSM,Bisanattam
BRKH,Bisapurkalan
BTJ,Bishnathganj
VSU,Bishnupur
BSPR,Bishrampur
BZR,Bisra
BMCK,Bissamcuttack
BUB,Bissau
BGSF,Bisugirsharif
BVN,Biswan
BTTR,Bitragunta
BRRG,Biyavra Rajgarh
BOBS,Bobas
VBL,Bobbili
BHBK,Bodhadi Bujrug
BDWD,Bodwad
BHLI,Bohali
BNE,Bohani
BONA,Boinda
BOR,Boisar
BXJ,Bokajan
BKSC,Bokaro Stl City
BKRO,Bokaro Thermal
BLX,Bolai
BMO,Bolarum
BOZ,Bolarum Bazar
BLND,Bolinna Doaba
BHP,Bolpur S Niktn
BLSA,Bolsa
BOM,Bomadra
BQI,Bommidi
BKL,Bona Kalu
BNDM,Bondamunda
BNGN,Bongaigaon
BDAG,Bonidanga
BOW,Borawar
BXY,Bordhal
BIO,Bordi
BFD,Borhat
BRB,Boribial
BRND,Boridand
BVI,Borivali
BOT,Boroti
BGHU,Borraguhallu
BTL,Bortalao
BRVR,Borvihir
BTD,Botad Junction
XXXX,Bpt Station
BMGM,Brahmanagudem
BMPL,Brahmanpalli
BAM,Brahmapur
BRJN,Brajrajnagar
BRLA,Brayla Chaurasi
BAL,Budalur
BEM,Budaun
BDY,Buddireddippati
BDHY,Budhi
BLZ,Budhlada
BNI,Budni
BDVL,Budvel
BSC,Bulandshahr
BUDI,Bundi
BEK,Bundki
BNDP,Buniadpur
BAU,Burhanpur
BUH,Burhar
BUW,Burhwal
BURN,Burnpur
BTR,Butari
BTBR,Buti Bori
BXR,Buxar
BDRL,Byadarahalli
BYD,Byadgi
BY,Byculla
BYNR,Byndoor
KOP,C Shahumharaj T
CNO,Cancona
CLR,Castle Rock
CVB,Cavalry Barrcks
CHB,Chabua
CBK,Chachaura Bngj
CHCR,Chacher
CU,Chagallu
CBSA,Chaibasa
CNPR,Chainpur
CW,Chainwa
CJW,Chajawa
CJL,Chajli
CKH,Chakand
CHBT,Chakarbhatha
CPL,Chakarlapalli
CKK,Chakarpur
CDH,Chakdaha
CKDL,Chakdayala
CAA,Chakia
CHKB,Chakki Bank
CKP,Chakradharpur
CAJ,Chakraj Mal
CKOD,Chakrod
CKS,Chaksu
CKU,Chakulia
CKX,Chakur
CKI,Chalakudi
CMZ,Chalama
CLI,Chalgeri
CSN,Chalisgaon Junction
CHKE,Challakere
CLD,Chalsa Junction
CHM,Chalthan
CMX,Chamagram
CMNR,Chamarajanagar
CPH,Champa
CPN,Champaner Road Jn
CPS,Chand Siau
CAF,Chanda Fort
CGR,Chandan Nagar
CTPE,Chandanattop
CNBI,Chandari
CDMR,Chandauli Mjhwr
CH,Chandausi Junction
CNL,Chandawal
CNA,Chanderiya
CNDM,Chandi Mandir
CHD,Chandia Road
CDG,Chandigarh
CNI,Chandil Junction
CDLD,Chandlodiya
CLDY,Chandlodiya
CNK,Chandok
CGI,Chandragiri
CDGR,Chandrakona Road
CNE,Chandranathpur
CD,Chandrapur
CRP,Chandrapura
CND,Chandur
CNDB,Chandur Bazar
CHTI,Chaneti
CGY,Changanaseri
CGLA,Changotola
CGS,Changsari
CHNN,Channani
CPT,Channapatna
CAI,Chanpatia
CPK,Chaparmukh Junction
CJS,Charamula Kusum
SMD,Charanmahadevi
CRW,Charaud
CBT,Charbatia
CRN,Charegaon
CGE,Charghat Pipari
CRK,Charkhera
CKD,Charkhi Dadri
CHZ,Charlapalli
CHV,Charvattur
CHJ,Chata
CTR,Chatra
CHPT,Chatrappatti
CAP,Chatrapur
CTS,Chattriput
CMU,Chau Mahla
CBH,Chaube
CHOK,Chauk
CHH,Chaukhandi
CNH,Chaunrah
CUX,Chaura
CC,Chauri Chaura
CSA,Chausa
CROA,Chautara
CKB,Chauth Ka Brwra
CVJ,Chavaj
CHLK,Chavalkhede
CHA,Chawapall
CEL,Chebrol
CEM,Cheekateegalplm
CGL,Chengalpattu
CNGR,Chengannur
MSB,Chennai Beach
MAS,Chennai Central
MS,Chennai Egmore
CSDR,Chennasandra
COI,Cheoki
CYN,Cheriyanad
CQA,Cherukara
CTND,Chettinad
CAG,Chhabra Gugor
CHNR,Chhan Arorian
CDRL,Chhandrauli
CAER,Chhanera
CHP,Chhapi
CPR,Chhapra
CI,Chhapra Kacheri
CE,Chharodi
CHRA,Chharra
CJN,Chhatna
CHN,Chhina
CWA,Chhindwara Junction
CPDR,Chhipadohar
COD,Chhota Gudha
COO,Chhoti Odai
CLF,Chhulha
CCK,Chichaki
CDM,Chidambaram
CCA,Chigicherla
CEU,Chiheru
BAW,Chik Banavar
CTH,Chikalthan
CKHS,Chikhli
JRU,Chikjajur Junction
CKNI,Chikni Road
CKR,Chikodi Road
CLU,Chilakalapudi
CIL,Chilbila Junction
CLDR,Chilikidara
CLKA,Chilka
CHR,Chilkahar
CLO,Chilo
CLVR,Chiluvur
CMW,Chima Pahad
CMDP,Chimidipalli
CNC,Chinchli
CPD,Chinchpada
CCH,Chinchvad
CJM,Chinna Ganjam
CHSM,Chinna Salem
CIV,Chinnaravuru
CPLE,Chinpai
CNN,Chintaman Ganes
CHI,Chiplun
CPP,Chipurupalle
CLX,Chirala
CRWA,Chirawa
CRY,Chirayinkil
CGN,Chirgaon
CHRM,Chirmiri
CBN,Chit Baragaon
CTHR,Chitahra
CIT,Chitali
CTF,Chitgidda
CTA,Chitradurg
CKTD,Chitrakot
CTT,Chitrasani
COE,Chitrod
CT,Chittapur
CRJ,Chittaranjan
COR,Chittaurgarh
CTO,Chittor
CTYL,Chityala
CDL,Chodiala
CHL,Chola
COM,Chomun Samod
CPU,Chopan
CRL,Choral
CRE,Chorghatpiparia
CHRG,Chorgi
CVR,Chorvad Road
CTKT,Choti Khatu
CUE,Choupale
CNS,Chuchura
CRU,Chudawa
CAR,Chunar
CBZ,Churaibari
CUK,Churk
CUR,Churu
CMA,Cinnamara
CBJ,Clutterbuckganj
CBE,Coimbatore Junction
CBF,Coimbatore Nrth
CLJ,Colonelganj
CNT,Contai Road
ONR,Coonoor
CSZ,Cossimbazar
CUPJ,Cuddalore Port
HX,Cuddapah
CBM,Cumbum
CTC,Cuttack
DBR,Dabhaura
DBO,Dabhoda
DBV,Dabilpur
DBKA,Dabka
DBLA,Dabla
DBI,Dabli Rathan
DPF,Dabpal
DBF,Dabpal
DBA,Dabra
DUB,Dabtara
DR,Dadar
DDR,Dadar
DPH,Dadhapara
DDV,Dadhdevi
DPX,Dadpur
DER,Dadri
DRHI,Dagarhkeri
DAO,Daghora
DAP,Dagmagpur
DGS,Dagori
DRD,Dahanu Road
DKBJ,Dahar Ka Balaji
DHD,Dahod
DKNT,Dakaniya Talav
DAKE,Dakhineswar
DL,Daladi
DLD,Dalauda
DVM,Dalbhumgarh
DLQ,Dalelnagar
DLO,Dalgaon
DAL,Daliganj
DLK,Dalkolha
DRZ,Dalli Rajhara
DMW,Dalmau Junction
DLC,Dalmera
DLP,Dalpatpur
DSS,Dalsingh Sarai
DTO,Daltonganj
DMNJ,Damanjodi
DCA,Damchara
DMO,Damoh
DNR,Danapur
DPL,Danauli Phlwria
DND,Dandupur
DNEA,Danea
DNW,Dangarwa
DPS,Dangoaposi
DSPT,Danishpet
DNWH,Daniyawan Bzr H
DKDE,Dankaur
DKAE,Dankuni
DNT,Dantan
DWZ,Dantewara
DTRA,Dantra
DAR,Danwar
DJA,Daotuhaja
DAPD,Dapodi
DHPR,Dappar
DARA,Dara
DBG,Darbhanga Junction
DKS,Darekasa
DJ,Darjeeling
DPC,Darliput
DTL,Darritola
DYD,Daryabad
DRTP,Dasharathpur
DS,Dasna
DZA,Dasuya
DAA,Datia
DDP,Daudpur
DLB,Daulatabad
DLPH,Daulatpur Hat
DD,Daund Junction
DOZ,Daurai
DRLA,Daurala
DMH,Dauram Madhpura
DO,Dausa
DSNI,Dausni
DVG,Davangere
DLPR,Dayalpur
DYE,Dayanand Nagar
DEB,Debagram
DRB,Debari
DEEG,Deeg
DNA,Degana Junction
DDN,Dehradun
DOS,Dehri On Sone
DEHR,Dehu Road
DKGN,Dekargaon
DEG,Delang
DLI,Delhi
DEC,Delhi Cantt
DKZ,Delhi Kishangnj
DEE,Delhi S Rohilla
DSJ,Delhi Safdarjng
DSA,Delhi Shahdara
DEL,Denduluru
DBD,Deoband
DGHR,Deoghar
DJHR,Deojhar
DOE,Deori
DEOS,Deoria Sadar
DOTL,Deotala
DPUR,Depur Ph
DRL,Derol
DRWN,Derowan P. H.
DES,Desari
DSPN,Deshapran P.H.
DSO,Deshnok
DSL,Deswal
DKO,Devakottai Road
DAV,Devalgaon Auchr
DKN,Devangonthi
DPE,Devarapalli
DAD,Devargudda
DBEC,Devbaloda Chrda
DVH,Devi Halt
DVL,Devlali
DPZ,Devpura
DRPH,Devri Ph
DWG,Dewanganj
DWX,Dewas
DABN,Dhaban
DHCA,Dhaca Cantt
DAKA,Dhaka
DLGN,Dhalgaon
DHRY,Dhalpukhuri
DMGN,Dhamalgaon
DMN,Dhamangaon
DHT,Dhamara Ghat
DDX,Dhamdhamia
DAM,Dhamora
DPR,Dhampur
DXK,Dhana Kherli
DNK,Dhanakya
DIR,Dhanapur Orissa
DN,Dhanari
DNRE,Dhanauri
DHN,Dhanbad Junction
DDL,Dhandari Kalan
DNRA,Dhandhera
DQN,Dhanera
DAN,Dhaneta
DNM,Dhanmandal
DNX,Dhansu
DAVM,Dhanuvachapuram
DPW,Dhapewara
DML,Dharamtul
DXG,Dharangaon
DRS,Dhareshwar
DRW,Dharewada
DRH,Dharhara
DHW,Dhariwal
DAB,Dharmabad
DMR,Dharmanagar
DPJ,Dharmapuri
DMM,Dharmavaram Junction
DMP,Dharmpur Hmchl
DHR,Dharnaoda
DIH,Dharuadihi
DRR,Dharur
DWR,Dharwar
DAS,Dhasa Junction
DTAE,Dhatrigram
DHO,Dhaulpur
DWLE,Dhauni
DUA,Dhaura
DHS,Dhavalas
DHA,Dheena
DKJR,Dhekiajili Road
DWD,Dhekvad
DMC,Dhemaji
DGPP,Dhengli Pp Goan
DNKL,Dhenkanal
DGW,Dhigawara
DIW,Dhilwan
DHND,Dhinda
DHRR,Dhirera
DOD,Dhodhar
DOH,Dhodra Mohar
DKY,Dhoki
DLJ,Dhola Junction
DOL,Dholi
DPK,Dholipal
DNDI,Dhondi
DNC,Dhone
DHNE,Dhone
DJI,Dhoraji
DHG,Dhrangdhra
DKRA,Dhuankheri
DBB,Dhubri
DHU,Dhubulia
DHI,Dhule
DGT,Dhulghat
DGLE,Dhulian Ganga
DKT,Dhulkot
DQG,Dhupguri
DUI,Dhuri Junction
DRSN,Dhurwasin
DTV,Dhutra
DBLG,Dibolong
DBRG,Dibrugarh
DBRT,Dibrugarh Town
DIA,Didwana
DGU,Digaru
DBY,Digboi
DGHA,Digha Flag Stn
DGA,Dighwara
DXD,Digod
DMT,Diguvametta
DKE,Dihakho
DJB,Dijaobra
DIL,Dilawarnagar
DLN,Dildarnagar Junction
DMK,Dilmili
DLW,Dilwa
DMV,Dimapur
DNN,Dina Nagar
DG,Dindigul Junction
DPU,Diphu
DPLN,Diplana
DISA,Disa
DTC,Ditokcherra
DIVA,Diva
DINR,Divine Nagar
DWV,Diwankhavati
DTRD,Diyatara Road
DEOR,Diyodar
DBU,Dodballapur
DBL,Dodbele
DHE,Dodhi
DKLU,Doikallu
DWO,Doiwala
DKWA,Dokwa
DMG,Domingarh
DKD,Donakonda
DDE,Dondaicha
DGG,Dongargarh
DNV,Donkinavalasa
DOA,Doraha
DKJ,Dornakal Junction
DSD,Dosvada
DUBH,Dubaha
DUJ,Dubrajpur
DXN,Duddhinagar
DUD,Dudhani
DKX,Dudhwakhara
DUN,Duganpur
DIG,Duggirala
DJG,Duliajan
DLR,Dullahapur
DUS,Dulrasar
DDJ,Dum Dum
DY,Dumariya
DUMK,Dumka
DURE,Dumraon
DMBR,Dumri Bihar
DMRX,Dumri Halt
DRI,Dumri Juara
DMLE,Dumurdaha
DMRT,Dumuriput
DDCE,Dundi
DOB,Dundlod Mkdgrh
DNRP,Dungarpur
DGI,Dungri
DJX,Dungripali
DDA,Duraundha Junction
DURG,Durg
DGDG,Durgada Gate
DGR,Durgapur
DPA,Durgapura
DGO,Durgauti
DAJ,Duroji
DUSI,Dusi
DVD,Duvvada
DWP,Dwarapudi
DWK,Dwarka
EVA,Edavai
EDD,Edduladoddi
EKM,Ekambarakuppam
EKR,Ekangarsarai
EKC,Ekchari
EKI,Eklakhi
EM,Ekma
EKMA,Ekma
ELM,Elimala
YLM,Ellamanchili
ENB,Ellenabad
EE,Eluru
ERS,Eranakulam Junction
ERL,Eraniel
ERN,Ernakulam Town
ED,Erode Junction
YP,Errupalem
ETW,Etawah
ETUE,Etmadpur
ETP,Ettapur Road
ETM,Ettumanur
EKN,Ezhukone
FD,Faizabad Junction
FYZ,Faizullapur
FKB,Fakhrabad
FKM,Fakiragram Junction
FLK,Falakata
FA,Falna
FHT,Farah Town
FDB,Faridabad
FDN,Faridabad Nw Tn
FDK,Faridkot
FBD,Farrukhabad
FSP,Fateh Singhpura
FTD,Fatehabad Ch.Jn
FGR,Fatehgarh
FGSB,Fatehgarh Sahib
FAN,Fatehnagar
FTP,Fatehpur
FTS,Fatehpur Sikri
FPS,Fatehpur Skhwti
FUT,Fatwa
FZL,Fazalpur
FKA,Fazilka
FK,Ferok
FZD,Firozabad
FZR,Firozpur Cant
FZP,Firozpur City
FBG,Forbesganj
FKG,Furkating Junction
FTG,Fursatganj
GDPL,G Pochampalli
GRCP,G.Ramachandrapu
GCH,Gachhipura
GHLE,Gadadharpur
GDG,Gadag Junction
GAR,Gadarwara
GDW,Gadhwala
GNR,Gadiganuru
GWD,Gadwal
GLTA,Gahlota
GMR,Gahmar
GAE,Gaipura
GPI,Gajapatinagaram
GJJ,Gajjelakonda
GJN,Gajner
GJL,Gajraula Junction
GJS,Gajsinghpur
GAGA,Galgalia
GUD,Galudih
GRF,Gambhiri Road
GMH,Gamharia
GUR,Ganagapur Road
GNU,Ganaur
GIMB,Gandhidham Bg
GIM,Gandhidham Junction.
GNC,Gandhinagar Cap
GADJ,Gandhinagar Jpr
GHPU,Gandhipuram Hal
GNST,Gandhismriti
GAJ,Ganeshganj
GGAR,Gangadhara
GNGD,Gangadharpur
GANG,Gangaganj
GAG,Gangaghat
GJ,Gangajhari
GNH,Gangakher
GNNA,Gangani
GGC,Gangapur City
GRMP,Gangarampur
GNW,Gangiwara
GGR,Gangrar
GJUT,Gangsar Jaitu
BAQ,Ganj Basoda
GWA,Ganj Dundwara
GAM,Ganjam
GALE,Gankar
GWM,Gannavaram
GRB,Garh Dhrubeswar
GUG,Garh Jaipur
GHX,Garhara
GBA,Garhbeta
GHH,Garhi Harsaru
GRMR,Garhi Manikpur
GMS,Garhmuktesar
GGB,Garhmuktesar Br
GHQ,Garhwa
GFAE,Garifa
GVI,Garividi
GLA,Garla
GDE,Garladinne
GOH,Garot
GPH,Garpos
GRBL,Garudubilli
GHD,Garwa Road
GTW,Gatora
GRX,Gaura
GB,Gauri Bazar
GBD,Gauribidanur
GNG,Gauriganj
GUP,Gauripur
GWS,Gaushala
GATD,Gautamdhara
GTST,Gautamsthan
GAYA,Gaya Junction
GBE,Gayabari
GZO,Gazole
GZL,Gazulapalli
GEDE,Gede
GEK,Gegal Akhri
GER,Geratpur
GTJT,Getor Jagatpura
GAD,Gevra Road
GELA,Ghadela
GHG,Ghagghar
GHGL,Ghagwal
GANL,Ghanauli
GNP,Ghanpur
GHNH,Ghantikhal Ndpr
GRA,Gharaunda
GSO,Ghaso
GTU,Ghat Nandur
GKB,Ghataka Varana
GTM,Ghatampur
GEA,Ghatera
GT,Ghatkesar
GPB,Ghatprabha
GTS,Ghatsila
GZB,Ghaziabad
GCT,Ghazipur City
GGA,Ghoga
GDX,Ghoksadanga
GVD,Gholvad
GNS,Ghonsor
GDYA,Ghoradongri
GRWD,Ghorawadi
GPR,Ghorpuri
GSD,Ghosunda
GH,Ghughuli
GHUM,Ghum
GGT,Ghunghuti
GTK,Ghutku
GIZ,Gidam
GID,Giddalur
GDB,Giddarbaha
GHR,Gidhaur
GII,Gidni
GILL,Gill
GIN,Ginigera
GRD,Giridih
GMDN,Girimaidan
GW,Girwar
GADH,Goaldih
GLPT,Goalpara Town
GDQ,Godamgura
GVN,Godavari
GDA,Godhra Junction
GAMI,Gogameri
PDKN,Gogamukh
GOM,Gogamukh
GOA,Gohad Road
GHNA,Gohana
GPZ,Gohpur
GOL,Goilkera
GKK,Gokak Road
GOK,Gokarna Road
GKL,Gokulpur
GK,Gola Gokaranath
GRE,Gola Road
GLGT,Golaghat
GKJ,Golakganj Jn
GLNA,Golana Halt
GJH,Goldinganj
GALG,Goldingganj
GLP,Gollaprolu
GOZ,Golsar
GTNR,Gomati Nagar
GMO,Gomoh Junction
GTT,Gomta
GD,Gonda Junction
GDL,Gondal
G,Gondia Junction
GNVR,Gondwanavisapur
GNA,Goneana
GY,Gooty
GOP,Gop Jam
GPT,Gopalapatnam
GGM,Gora Ghuma
GRKN,Gorakhnath
GKC,Gorakhpur Cant
GKY,Gorakhpur City
GKP,Gorakhpur Junction
GPJ,Gorapur
GRL,Goraul
GRY,Goraya
GNO,Goregaon Road
GVR,Goresuar
GIO,Goriyan
GSPR,Gosalpur
GGJ,Goshainganj
GOGH,Gossaigaon Hat
GOTN,Gotan
GTE,Gothaj
GTX,Gothangam
GTLM,Gotlam
GZM,Gour Malda
GDO,Goverdhan
GVG,Govindgarh
GND,Govindgarh Malk
GVMR,Govindi Marwar
GBX,Govindpur Road
GOV,Govindpuri
GOY,Govindpuri
GWV,Gowdavalli
GBB,Gubbi
GDPT,Gudaparti
GDI,Gudgeri
GA,Gudha
GMA,Gudimetta
GDV,Gudivada Junction
GYM,Gudiyattam
GVL,Gudlavalleru
GDM,Gudma
GDU,Gudru Halt
GDP,Gudupulli
GDR,Gudur Junction
GJD,Gujhandi
GLG,Gulabhganj
GBP,Gulabpura
GLH,Gulaothi
GR,Gulbarga
GUH,Guldhar
GED,Guledagudda Road
GGD,Gullaguda
GLU,Gullipadu
GZH,Gulzarbagh
GMDA,Gumada
GMAN,Gumani
GMIA,Gumia
GMM,Gumman
GPD,Gummidipundi
GTF,Gumthal
GMTO,Gumto
GUNA,Guna
GALA,Gunadala
GKM,Gundalukamma
GDZ,Gundardehi
GVB,Guneru Bamori
GTL,Guntakal Junction
GNT,Guntur Junction
GPAE,Guptipara
GRMT,Gur Market
GMD,Guramkhedi
GRRU,Guraru
GSP,Gurdaspur
GGN,Gurgaon
GUX,Gurhi
GRI,Guriya
GQL,Gurla
GRN,Gurnay
GAP,Gurpa
GRO,Gurra
GHJ,Gursahaiganj
GSW,Gursar Shnewala
GHS,Guru Harsahai
GUV,Guruvayur
GKH,Guskara
GHY,Guwahati
GRG,Guwarighat
GWL,Gwalior
GYN,Gyanpur Road
NZM,H Nizamuddin
HWX,Habaipur
HBJ,Habibganj
HBW,Habibwala
HDP,Hadapsar
HDD,Haddinagundu
HRM,Hadmadiya
HM,Hadmatiya Junction
HYL,Hadyal
HFZ,Hafizpeta
HZR,Hafizpur
HFG,Haflong Hill
HGI,Hagari
HYT,Haiaghat
HDN,Haidarnagar
HGH,Haidergarh
HJP,Hajipur Junction
HKP,Hakimpur
HLKT,Halakatta
HLDR,Haldaur
HLDD,Haldi Road
HLZ,Haldia
HDB,Haldibari
HIP,Haldipada
HDW,Haldwani
HLR,Halisahar
HVD,Halvad
HMRR,Hamarapur
HMR,Hamira
HMG,Hamirgarh
HAR,Hamirpur Road
HOJ,Hamitonganj
HVM,Hamsavaram
HNK,Hanakere
HDK,Handia Khas
HNS,Hansi
HSWS,Hansiawas
HNMN,Hanuman Station
HMH,Hanumangarh Junction
HMO,Hanumangarhtown
HWT,Hanwant
HAPA,Hapa
HPU,Hapur
HJO,Harangajao
HGL,Harangul
HKH,Haranya Kheri
HRN,Harauni
HCP,Harchandpur
HD,Harda
HDE,Hardas Bigha
HDT,Hardattpur
HRI,Hardoi
HDU,Hardua
HA,Hargaon
HCNR,Harichandanpur
HW,Haridwar Junction
HRR,Harihar
HIR,Harinagar
HAD,Harippad
HP,Haripur
HCR,Harischandrpur
HSK,Harishanker Road
HKL,Harkia Khal
HMY,Harmuti
HRT,Harnaut
HRPG,Harpalganj
HPP,Harpalpur
HRV,Harrad
HRW,Harrawala
HRB,Harri
HSI,Harsauli
HRD,Harsud
HRH,Harthala
HSP,Hasanparthi Road
HPO,Hasanpur Road
HSA,Hasimara
HAS,Hassan
HN,Hathbandh
HTZ,Hathidah Junction
HTZU,Hathidah Upper
HTC,Hathras City
HRS,Hathras Junction
HTJ,Hathras Road
HAT,Hathuran
HTE,Hatia
HTL,Hatikhali
HTK,Hatkanagale
HPLE,Hatpuraini
HVR,Haveri
HZD,Hazaribagh Road
HBLN,Hbl Nagar
HEB,Hebbal
HJL,Hejjala
HML,Helem
HGR,Hemagiri
HER,Her
HIJ,Hijilli
HLX,Hilara
HLG,Hilligrove
HIL,Hilsa
HEM,Himayatnagar
HMI,Himmatana
HMT,Himmatnagar
HNM,Hinautaramban
HAN,Hindaun City
HUP,Hindupur
HGT,Hinganghat
HNL,Hingoli Deccan
HRNR,Hira Nagar
HKG,Hirakud
HRG,Hirdagarh
HQR,Hirenanduru
HDA,Hirnoda
HSR,Hisar
HDL,Hodal
HJI,Hojai
HOL,Hol
HLK,Holalkere
HUK,Holambi Kalan
HLAR,Hole Alur
HLN,Hole Narsipur
HBL,Hombal
HNA,Honnavar
HYG,Hooghly Ghat
HSD,Hosdurga Road
HBD,Hoshangabad
HSX,Hoshiarpur
HPT,Hospet Junction
HSRA,Hosur
HG,Hotgi
HBG,Howbadh Jablpur
HWH,Howrah Junction
UBL,Hubli Junction
HHD,Hunsihadgil
HYB,Hyderabad Decan
IB,Ib
IMR,Ibrahimpur
ICL,Ichauli
IPM,Ichchpuram
IP,Ichhapur
IPL,Idaplli
IDH,Idgah Agra Junction
IGP,Igatpuri
IKK,Ikkar
IKR,Iklehra
INP,Indapur
IAA,Indara Junction
IDGH,Indargarh
IDG,Indargarh
IDR,Indi Road
INDB,Indore Junction Bg
INDM,Indore Jn Mg
IBL,Indrabil
IPPM,Ipurupalem
IQG,Iqbal Gadh
IQB,Iqbalpur
IRP,Iravipuram
IJK,Irinjalakuda
IGU,Irugur
EN,Isand
ISA,Isarda
ISH,Isarwara
IPR,Islampur
ISM,Ismaila Haryana
IMGE,Ismailpur
ET,Itarsi Junction
ITA,Itola
ITR,Itwari
IZN,Izzatnagar
JBP,Jabalpur
JBL,Jabli
JBX,Jabri
JCL,Jadcherla
JUD,Jagadhri
JUDW,Jagadhri Wshop
JGD,Jagadishpur
JTB,Jagatbela
JDB,Jagdalpur
JDL,Jagdevwala
JGJ,Jagesharganj
JID,Jagi Road
JGN,Jagraon
JDN,Jagudan
JYM,Jai Samand Road
JP,Jaipur
JRMG,Jairamnagar
JAIS,Jais
JSM,Jaisalmer
JTI,Jaithari
JTU,Jaitipur
JES,Jaitsar
JTW,Jaitwar
JWL,Jajiwal
JJKR,Jajpur K Road
JHL,Jakhal Junction
JKB,Jakhalabandha
JLN,Jakhalaun
JKN,Jakhanian
JKPR,Jakhapura
JHN,Jakhim
JKA,Jakhvada
JLL,Jalalganj
JPD,Jalalpur Dhai
JM,Jalamb Junction
JRC,Jalandhar Cant
JUC,Jalandhar City
JAG,Jalargarh
JLS,Jalesar Road
JER,Jaleswar
JL,Jalgaon Junction
JNRI,Jalindri
JALD,Jaliya Devani
JBD,Jallalabd
J,Jalna
JOR,Jalor
JPG,Jalpaiguri
JPE,Jalpaiguri Road
JAC,Jalsu
JACN,Jalsu Nanak
JDH,Jam Jodhpur Junction
WTJ,Jam Wanthali
JAMA,Jama
JMP,Jamalpur Junction
JMV,Jambara
JMD,Jamdha
JMG,Jamga
JMKT,Jamikunta
JMQ,Jamirghata
JAT,Jammu Tawi
JAM,Jamnagar
JMS,Jamsar
JMT,Jamtara
JMU,Jamui
JMK,Jamunamukh
JMKL,Jamunia Kalan
JNR,Janakpur Road
JNL,Jandiala
JAQ,Jandrapeta
ZN,Jangaon
JNH,Janghai Junction
JRLE,Jangipur Road
JKM,Jankampet Junction
JOA,Janwal
JAO,Jaora
JPL,Japla
JRA,Jaraikela
JSV,Jarandeshwar
JAN,Jarangdih
JRJ,Jargaon
JRLI,Jaroli
JRT,Jarti
JLD,Jarwal Road
JSME,Jasidih Junction
JSR,Jasra
JSH,Jaswantgarh
JGR,Jaswantnagar
JTRD,Jath Road
JTG,Jatinga
JGLP,Jatinga Lumpur
JTR,Jatkanhar
JTS,Jatusana
JW,Jatwara
JOP,Jaunpur City
JNU,Jaunpur Junction
JWO,Jawad Road
JWNR,Jawaharnagar
JWHR,Jawaharnagar
JWB,Jawai Bandh
JAL,Jawali
JSP,Jayasingpur
JYG,Jaynagar
JHD,Jehanabad
JJR,Jejuri
JONR,Jeonara Ph
JEP,Jeonathpur
JRK,Jeruwa Khera
JLR,Jetalsar Junction
JTY,Jethi
JEUR,Jeur
JYP,Jeypore
JBK,Jgmbla Kshnprm
JAJ,Jhajha
JHW,Jhalawar Road
JAA,Jhalida
JLW,Jhalwara
JHS,Jhansi Junction
JPH,Jhantipahari
JTL,Jhapater Dhal
JGM,Jhargram
JRI,Jharia
JRL,Jharili
JKNI,Jharkhandi
JDI,Jharradih
JSG,Jharsuguda Junction
JLY,Jhilmili
JHMR,Jhimri
JHG,Jhingura
JJK,Jhinjhak
JHIR,Jhir
JUL,Jhulasan
JJN,Jhunjhunun
JUP,Jhunpa
JJG,Jiaganj
JIA,Jigna
JMPT,Jimidipeta
JIND,Jind Junction
JNTR,Jinti Road
ZRDE,Jiradei
ZRD,Jiradei
JRNA,Jirania
JIT,Jirat
JRWN,Jirwan
JKZ,Jitakheri
JITE,Jite
JPM,Jiyapuram
JPS,Jmlpr Shaikhan
JPV,Jmtra Paraswara
JO,Jo Jagabor
JU,Jodhpur Junction
JOL,Jogal
JBN,Jogbani
JGNR,Jogendranagar
JOM,Jogi Magra
JPZ,Jogighopa
JTJ,Jolarpettai
JON,Jonha
JOQ,Jorai
JRW,Joramow
JRS,Joravasan
JVN,Jorawarnagar Junction
JTTN,Jorhat Town
JOC,Joychandi Pahar
JRR,Jugaur
JGJN,Jugijan
JRG,Jugpura
JUJA,Jujumura
JKE,Jukehi
JNA,Julana
JND,Junagadh Junction
JBG,Jung Bahadurgnj
JNO,Junnor Deo
JTO,Jutogh
JWP,Jwalapur
KBPR,Kabakaputtur
KCG,Kacheguda
KWN,Kachewani
KCO,Kachhia Bridge
KCNR,Kachnara Road
KOX,Kachujor
KVU,Kadakavur
KDO,Kadakola
KN,Kadalundi
KDU,Kadambur
KVDU,Kadavakuduru
KDNL,Kadaynallur
KDTN,Kadethan
KDQ,Kadipur
KRY,Kadiri
KYM,Kadiyan
DRU,Kadur
KFPR,Kafurpur
CLG,Kahalgaon
KRAI,Kahet
KH,Kahiliya
KIV,Kaialsa
KKLR,Kaikolur
KKRM,Kaikoram
KYT,Kailahat
KLPM,Kailasapuram
KMA,Kaima
KMJ,Kaimganj
KAI,Kairla
KLE,Kaithal
KTCH,Kaithalkuchi
KJ,Kajgaon
KJME,Kajoragram
KJH,Kajra
KYF,Kajrat Nawadih
KAPE,Kakapora
KKHT,Kakarghatti
COA,Kakinada Port
CCT,Kakinada Town
KKGM,Kakirigumma
KKLU,Kaklur
KKJ,Kakori
KQE,Kala Akhar
KQI,Kalachand
KDHI,Kaladehi
KMRD,Kalamb Road
KLMC,Kalamboli
KLMG,Kalamboli
KAV,Kalamna
KALN,Kalana
KLNK,Kalanaur Kalan
KNL,Kalanwali
KPP,Kalapipal
KLDI,Kaldhari
KCP,Kalgupur
KAH,Kalhar
KSH,Kali Sindh
KXE,Kalian Chak
KAP,Kalianpur
KLNP,Kalinarynpur Junction
KPK,Kalipahari
KAJ,Kaliyanganj
KLK,Kalka
KKD,Kalkund
KKPM,Kallakkudi Plgh
KAL,Kallal
KGD,Kalligudi
KCI,Kallkiri
KLU,Kalluru
KSWR,Kalmeshwar
KLTR,Kalmitar
KLL,Kalol
KPI,Kalpi
KVS,Kalsur
KLG,Kalunga
KAPG,Kalupara Ghat
KYN,Kalyan Junction
KYI,Kalyani
KPRD,Kalyanpur Road
KYQ,Kamakhya
KAMG,Kamakhyaguri
KKM,Kamalapuram
KLJ,Kamalganj
KMNR,Kamalnagar
KLPG,Kamalpurgram
KMLR,Kamalur
KXL,Kamarbandha Ali
KMC,Kamareddi
KQU,Kamarkundu
KSM,Kamasamudram
KMAH,Kamathe
KMLI,Kamli
KP,Kamptee
KWM,Kampur
KKET,Kamrup Khetri
KMST,Kamshet
KML,Kamtaul
KKU,Kanakpura
KNLS,Kanalas Junction
KASR,Kanas Road
KNSR,Kanasar
KUT,Kanauta
CJ,Kanchipuram
KPA,Kanchrapara
KDZ,Kandaghat
KDRP,Kandarpur
KDLR,Kandel Road
KND,Kandra
KNDI,Kandrori
KGX,Kanginhal
KNHP,Kanhaipur
KZE,Kanhangad
KNGN,Kanhegaon
KANJ,Kanil
KNNK,Kanina Khas
KWB,Kaniwara
KXP,Kaniyapuram
KBRV,Kanjari Boriyav
KKAH,Kankaha
KNKD,Kankanadi
KHE,Kankather
KKW,Kankavali
KKA,Kanki
KNR,Kankinara
KPQ,Kannapuram
KJN,Kannauj
CAN,Kannur
KANO,Kanoh
CPA,Kanpur Anwrganj
CNB,Kanpur Central
KXN,Kanshbahal
QSR,Kansrao
KBJ,Kantabanji
KTD,Kantadih
KPL,Kantakapalle
KNT,Kanth
KNHN,Kanthan Junction
KATI,Kanthi P H
KIW,Kanwalpura
KAWT,Kanwat
CAPE,Kanyakumari
KPNA,Kapan
KIN,Kapasan
KIS,Kapilas Road
KFI,Kappil
KPZ,Kapren
KEH,Kapseti
CPJ,Kaptanganj Junction
KPDH,Kapurdha Halt
KXH,Kapurthala
KRBO,Karaboh
KRD,Karad
CRR,Karagola Road
KIK,Karaikal
KKDI,Karaikkudi Junction
KRLR,Karaila Road Junction
KJG,Karajgi
KKB,Karak Bel
KVLS,Karakavalasa
KEB,Karambeli
CRLM,Karamelaram
KMS,Karamnasa
KRMA,Karamtola
KFD,Karanjadi
KAJG,Karanjgaon
KPTO,Karanpur Ato
KWO,Karauta
KRV,Karavadi
KBN,Karbigwan
KCN,Karchana
KDHA,Karchha
KY,Kareli
KEG,Karengi
KRA,Karepalli
KRPR,Karepur
KGB,Kargi Road
KYX,Karhiya Bhadeli
KGW,Kariganuru
KXJ,Karimganj Junction
KRMR,Karimnagar
KMDR,Karimuddin Pur
KRS,Karisath
KJT,Karjat
KRJD,Karjoda
KKI,Karkeli
KEK,Karkheli
KMV,Karmad
KRMI,Karmali
KAR,Karna
KUN,Karnal
KOA,Karonda
KJZ,Karonji
KPGM,Karpurigram
KRE,Kartarpur
KPY,Karunagapalli
KRR,Karur
KAWR,Karwar
KSRA,Kasara
KGQ,Kasaragod
KSJ,Kasganj
KEI,Kashi
KSC,Kashi Chak
KPV,Kashipur
KSPR,Kashipura Sarar
KSTH,Kashti
KCH,Kasim Kota Halt
KSK,Kasimkota
KCJ,Kasimpur
KSTA,Kastha
KASU,Kasu
KTX,Katakhal Junction
KTRH,Katareah
KTPR,Kathal Pukhuri
KTRR,Kathara Road
KGF,Kathghar
KGM,Kathgodam
KEJ,Kathleeghat
KTHU,Kathua
KIR,Katihar Junction
KTE,Katni
KMZ,Katni Murwara
KTES,Katni South
KATL,Katol
KTO,Katora
KPD,Katpadi Junction
KFH,Katphal
KEA,Katra
KTH,Katrasgarh
KWAE,Katwa
KUF,Kaurha
KVZ,Kavali
KVK,Kavathe Mahankl
KVM,Kavutaram
KWGN,Kawargaon
KZY,Kayalpattinam
QMRS,Kayamsar
KYJ,Kayankulam Junction
KAYR,Kayar
KZK,Kazhakuttam
KZJ,Kazipet Junction
FM,Kcg Falaknuma
KCKI,Keckhi
KDG,Kedgaon
KLOD,Kelod
KLV,Kelva Road
KEM,Kem
KEMR,Kemri
KNPS,Kendposi
KNPR,Kendrapara Road
KDJR,Kendujhargarh
KDKN,Kendukana
KGI,Kengeri
KLZ,Keolari
KDM,Kesamudram
KSVM,Kesavaram
KVJ,Keshavganj
KSD,Keshod
KPTN,Keshorai Patan
KSNG,Kesinga
KESR,Kesri Singhpur
KXT,Ketti
KTGA,Keutguda
KUH,Khachrod
KZA,Khada
KDPA,Khadapa
KK,Khadki
KGA,Khaga
KGG,Khagaria Junction
KGLE,Khagraghat Road
KID,Khairar Junction
KQD,Khairatabad Dcn
KRH,Khairthal
KJI,Khajauli
KURJ,Khajuraho
KJW,Khajwana
KLRE,Khalari
KLD,Khalilabad
KIP,Khalilpur
KSF,Khalispur
KIT,Khallikot
KTJ,Khaltipur
KMAE,Khamargachhi
KMBL,Khambhaliya
KMN,Khamgaon
KMT,Khammam
KAN,Khana Junction
KNP,Khanapur
KAD,Khandala
KBH,Khandbaara
KNDP,Khandip
KNW,Khandwa
KNN,Khanna
KHBJ,Khanna Banjari
KHN,Khanyan
KPKD,Khapri Kheda
KGP,Kharagpur Junction
KHRK,Kharak
KXG,Kharia Khangarh
KRAR,Khariar Road
KRSA,Kharsaliya
KHS,Kharsia
KRW,Kharwa
KRCD,Kharwa Chanda
KHAT,Khat
KAT,Khatauli
KHTG,Khatgaon
KHMA,Khatima
KWP,Khatipura
KHTU,Khatu
KHED,Khed
KQW,Kheduli
KLH,Khemli
KHKN,Khera Kalan
KSW,Kheri Salwa
KL,Kheril
KS,Kheta Sarai
KLYN,Khileriyan
KZQ,Khimel
KNNA,Khinaniyan
KKN,Khirkiya
KUX,Khirsadoh Junction
KHDB,Khodiyar
KHD,Khodiyar
KOI,Khodri
KBY,Khoirabari
KGS,Khongsara
KRND,Khorason Road
KORI,Khori
PUV,Khudiram B Pusa
KRBP,Khudiram B Pusa
KUTI,Khumtai
KKNA,Khunkhuna
KYE,Khurai
KUR,Khurda Road Junction
KUPR,Khurdpur
KHU,Khurhand
KWE,Khurial
KJY,Khurja City
KRJ,Khurja Junction
KOO,Khusropur
KTHA,Khutaha
KTT,Khutbav
KHH,Kichha
KKRD,Kikakui Road
KKY,Kila Kadaiyam
QRP,Kila Raipur
KLQ,Kilikollur
KIM,Kim
KNVT,Kinwat
KCT,Kirakat
KRDL,Kirandul
KLB,Kiraoli
KRTH,Kiratgarh
KART,Kiratpur Sahib
KER,Kirihrapur
KOV,Kirloskarvadi
KRC,Kiroda
KDTR,Kirodimalnagar
KNE,Kishanganj
KSG,Kishangarh
KSP,Kishanpur
KGBS,Kishengarh Blws
KONY,Kisoni
KSTE,Kistamsettipali
KITA,Kita
KIUL,Kiul Junction
KWI,Kivarli
HKR,Kiwar Khed
KCVL,Kochuveli
KAG,Kodaganur
KQN,Kodaikanal Road
KJJ,Kodavaluru
KQR,Koderma
KODI,Kodi
KDMR,Kodiyar Mandir
KMD,Kodumudi
KOU,Koduru
KWR,Koelwar
KOHR,Kohir Deccan
KEPR,Koiripur
KOJ,Kokrajhar
KOL,Kolad
KLX,Kolakalur
KAQ,Kolanukonda
KLRS,Kolaras
KLYT,Kolayat
KFF,Kolda
CP,Kolkata
KOAA,Kolkata
QLN,Kollam Junction
KKTA,Kollikhutaha
KOLR,Kolnur
KVGM,Kolvagram
KMK,Komakhan
KMX,Komatipalli
KQA,Kondagunta
KI,Kondapalli
KDP,Kondapuram
KPS,Kopa Samhota
KPLE,Kopai
KPG,Kopargaon
KFA,Koparia
KBL,Koppal
KRDH,Koradih
KRHA,Korahia
KRIH,Korai Halt
KRPU,Koraput
KRBA,Korba
KRG,Koregaon
KOK,Korukkupet Junction
KUK,Korukonda
KSE,Kosad
KSB,Kosamba Junction
KO,Kosgi
KSV,Kosi Kalan
KSI,Kosli
KTF,Kot Fatteh
KKP,Kot Kapura
KOTA,Kota Junction
KBM,Kotabommali
KEN,Kotala
KLP,Kotalpukur
KTOA,Kotana
KPRR,Kotapar Road
KRL,Kotarlia
KTW,Kotdwara
KTCR,Kothacheruvu
KTR,Kothar
KTHD,Kothari Road
KOTI,Koti
KQK,Kotikulam
KTKH,Kotlakheri
KTKL,Kotli Kalan
KTMA,Kotma
KTSH,Kotmi Sonan Hlt
KSX,Kotshila
KPLL,Kotta Pndlpalli
KYOP,Kottapalli
KKZ,Kottarakara
KTV,Kottavalasa
KTYM,Kottayam
CVP,Kovilpatti
KVR,Kovvur
CLT,Kozhikode
KRNR,Krishanrajanaga
KSN,Krishna
KCC,Krishna Canal
KCV,Krishna Ch Pura
KEF,Krishnama Kona
KRP,Krishnapur
KJM,Krishnarajapurm
KRSL,Krishnashilla
KNJ,Krishngr Cty Junction
KMNC,Kuchaman City
KCA,Kuchman
KUD,Kudachi
KUDL,Kudal
KON,Kudalnagar
KDN,Kudatini
KTQ,Kudra
KDSD,Kudsad
KUU,Kuhuri
KFP,Kukra Khapa
KUI,Kulali
QLM,Kulem
KUA,Kulharia
KLT,Kulitalai
KZT,Kulitthurai
KZTW,Kulitturai West
KLAR,Kulpahar
ULT,Kulti
KLA,Kulwa
KMSD,Kumar Sadra
KMME,Kumardubi
KUGT,Kumarghat
KMTI,Kumarhatti
KMU,Kumbakonam
KHRJ,Kumbhraj
KMQ,Kumbla
KDPR,Kumedpur
KMEZ,Kumhar Marenga
KMI,Kumhari
KBQ,Kumrabad Rohini
KMSI,Kumsi
KT,Kumta
KTKR,Kumtha Khurd
KHNM,Kunda Harnamgnj
KDLG,Kundalgarh
KUDA,Kundapura
KUV,Kundara
KFV,Kundara East
KD,Kundarkhi
KNO,Kundgol
KVG,Kuneanganj
KNRT,Kuneru
KZU,Kunki
KJU,Kuntighat
KUP,Kup
KGL,Kupgal
KPN,Kuppam
KRLI,Kurali
KWV,Kurduvadi
KQT,Kurgunta
KIF,Kuri
KCD,Kurichedu
CLA,Kurla Junction
KRLS,Kurlas
KRNT,Kurnool Town
KUE,Kursela
KGN,Kurseong
KKDE,Kurukshetra Junction
KZB,Kurumbur
KIKA,Kurwai Kethora
KTA,Kushtala
KSU,Kushtaur
KHM,Kusmhi
KTM,Kutralam
KTU,Kuttippuram
KTK,Kyataneakeri Rd
KIAT,Kyatsandra
LBN,Laban
LAV,Labha
LNH,Lachhmangarh Sk
LMN,Lachhmanpur
LHN,Lachyan
LDX,Ladda
LDW,Ladhowal
LAU,Ladnun
LR,Ladpura
LGCE,Lagargawan
LHB,Lahabon
LSI,Laheria Sarai
LHLL,Lahli
LMM,Lailakh Mamlkha
LPNR,Lajpat Nagar
LKZ,Lakadiya
LKE,Lakheri
LKW,Lakhewali
LMP,Lakhimpur
LKY,Lakhmapur
LKN,Lakhminia
LKNA,Lakhna
LAE,Lakholi
LTR,Lakhtar
LKKD,Lakkadkot
LVK,Lakkavarapukota
LKD,Lakodara
LRJ,Laksar Junction
LMNR,Lakshmibai Ngr
LXA,Lakswa
LKU,Lal Kuan
LGDH,Lalaguda Gate
LLD,Lalawadi
LCAE,Lalbagh Crt Road
LLJ,Lalganj
LGH,Lalgarh Junction
LGL,Lalgola
LGO,Lalgopalganj
LLI,Lalgudi
LLPR,Lalit Lakshmipr
LAR,Lalitpur
LLR,Lalpur
LPJ,Lalpur Jam
LRU,Lalpur Umri
LLU,Lalru
LNA,Lamana
LBA,Lambhua
LKG,Lamsakhang
LTA,Lamta
LDR,Landaura
LGT,Langting
LJR,Lanjigarh Road
LKA,Lanka
LPN,Laopani
LRD,Lar Road
LS,Lasalgaon
LSE,Laseri
LSR,Lasur
LTHR,Latehar
LMTD,Latemda
LTD,Lathidad
LUR,Latur
LTRR,Latur Road
LAUL,Laul
LKMR,Laxmipur Road
LEDO,Ledo
LHA,Lehra Gaga
LOD,Lekoda
LLGM,Leliguma
LDA,Lidhora Khurd
LMO,Liliya Mota
LM,Limbdi
LBG,Limbgaon
LMK,Limkheda
LIG,Linga
LPI,Lingampalli
LMD,Linganenidoddi
LNT,Lingti
LDP,Lodipur Bishnpr
LOHA,Loha
LHU,Loharu
LHW,Loharwara
LNK,Lohian Khas Junction
LSX,Loisingha
LDE,Lokdhikhera
LKMN,Lokmanya Nagar
LTT,Lokmanyatilak T
LNN,Lonand
LNL,Lonavala
LD,Londa Junction
LJO,Longrangajao
LONI,Loni
LOA,Lorha
LPH,Lotapahar
LTV,Lotarva
LOV,Lovedale
LFG,Lower Haflong
LKR,Luckeesarai Junction
LC,Lucknow City
LJN,Lucknow Ne
LKO,Lucknow Nr
LDH,Ludhiana Junction
LMG,Lumding Junction
LUNI,Luni Junction
LNR,Luni Richha
LKS,Lunkaransar
LUSA,Lusa
LSD,Lusadiya
MCV,Macharya
MCVM,Machavaram
MTM,Machelipatnam
MKRD,Machhakunda
MML,Madan Mahal
MPL,Madanapalle Road
MNC,Madankata
MPJ,Madanpur
MD,Madar
MDJN,Madar Jn
MDRR,Madavnagar Road
MKR,Maddikera
MAD,Maddur
MAO,Madgaon
MA,Madha
MDVR,Madhavnagar
MID,Madhi
MDR,Madhira
MDPB,Madhopur Punjab
MBS,Madhosingh
MBI,Madhubani
MDP,Madhupur Junction
MDU,Madurai Junction
MMK,Madurantakam
MADR,Madure
MWRN,Madwarani
MHH,Maghar
MUG,Magra
MMH,Mahadanapuram
MDVK,Mahadeokhedi
MXW,Mahadevsal
MHJ,Mahajan
MMV,Mahali Marup
MHN,Mahanadi
MANG,Mahanagar
MWR,Mahansar
MSMD,Mahasamund
MABD,Mahbubabad
MBNR,Mahbubnagar
MAHE,Mahe
MHRG,Mahendragarh
MSK,Mahes Khunt
MSH,Mahesana Junction
MVV,Maheshi
MMD,Maheshmunda
MEP,Mahidpur Road
MPLR,Mahipal Road
MMB,Mahmudabad Avdh
MBA,Mahoba
MAHO,Maholi
MHO,Mahpur
MFQ,Mahroi
MHQ,Mahuda
MUGA,Mahugarha
MXR,Mahur
MHV,Mahuva Junction
MWW,Mahwa
MBG,Maibang
MYR,Maihar
MINJ,Maikalganj
MLN,Mailani
MWY,Mailaram
MGX,Mailongdisa
MNQ,Mainpuri
MW,Mairwa
MJBT,Majbat
MJG,Majhagawan
MJZ,Majhola Pakarya
MJL,Majhowlia
MJRI,Majri Junction
MPR,Makarpura
MDE,Makhdumpur Gaya
MXH,Makhu
MKL,Maklidrug
MKN,Makrana Junction
MQP,Makrandpur
MKRA,Makrera
MKRN,Makronia
MKC,Maksi
MKDI,Makudi
MJN,Makum Junction
MKH,Malakhera
MXT,Malakpet Kcg
MLNH,Malancha
MLAR,Malanpur
MLZ,Malarna
MVL,Malavli
MLDT,Malda Town
MGVK,Malegaon Vyenku
MET,Malerkotla
MAAR,Malhar
MLG,Malhargarh
ML,Malhour
MVG,Maligura
MLD,Malihabad
MKPT,Malikpeth
MLKP,Malikpur
MLPR,Malipur
MALX,Maliya
MLHA,Maliya Hatina
MALB,Maliya Miyana
MJF,Malkajgiri
MKU,Malkapur
MALK,Malkapur Road
MLK,Malkapuram
MQR,Malkhaid Road
MAKR,Malkhedi
MLC,Malkisar
MWX,Mallanwala Khas
MLGT,Mallappa Gate
MLP,Mallapur
MLV,Mallarpur
MWM,Malleswaram
MKRH,Mallickpur Hat
MVW,Mallividu
MYL,Malliyala
MOT,Malout
MQS,Malsian Shahkht
MLM,Malthan
MLO,Malur
MWH,Malwan
MOM,Maman
MBM,Mambalam
MVF,Manabar
MNSR,Manaksar
MNM,Manamadurai Junction
MNP,Mananpur
MOW,Mananwala
MPA,Manaparai
MRE,Manauri
MCI,Mancheral
MCS,Mancheswar
MNF,Manda Road
MGF,Mandagere
MDL,Mandal
MLGH,Mandalgarh
MMZ,Mandamari
MMM,Mandapam
MMS,Mandasa Road
MDS,Mandasor
MDVL,Mandavalli
MURD,Mandawar M Road
MYD,Manderdisa
MDH,Mandhar
ADR,Mandi Adampur
MABA,Mandi Bamora
MBY,Mandi Dabwali
MNDR,Mandi Dhanaura
MDDP,Mandi Dip
MNDH,Mandir Hasaud
MDB,Mandor
MXK,Mandrak
MUV,Manduadih
MYA,Mandya
MDGR,Manendragarh
MAM,Mangal Mahudi
MAG,Mangalagiri
MLI,Mangaliyawas
MAQ,Mangalore Cntl
MAJN,Mangalore Junction
MNI,Mangaon
MGG,Mangliya Gaon
MGLP,Mangolpuri
MGRL,Mangrolla
MHU,Manheru
MANI,Mani Nagar
MGLE,Manigram
MAGH,Manikgarh
MKP,Manikpur Junction
MIK,Manikul
MAN,Maninagar
MEJ,Maniyachchi Junction
MJBK,Manjari Budruk
MJS,Manjeshwar
MHT,Manjhi
MUR,Mankapur Junction
MNAE,Mankar
MKB,Mankatha
MMR,Manmad Junction
MQ,Mannargudi
MOB,Manoharabad
MNJ,Manoharganj
MOU,Manoharpur
MSZ,Mansa
MNE,Mansi Junction
MVH,Mantatti
MALM,Manthralayam Road
MUGR,Manuguru
MVO,Manwath Road
MH,Marahra
MJY,Maramjhiri
MRPL,Marampalli
MAKM,Mararikulam
MXA,Marauda
MEZ,Marenga
MRG,Margherita
MAY,Mariahu
MXN,Mariani Junction
MIU,Maripat
MQQ,Markahandi U Ht
MRK,Markapur Road
MKO,Markona
MKD,Markundi
MRL,Maroli
MRF,Marpalli
MIPM,Marripalem Ph
MPLM,Marthipalayam
MR,Martur
MBSK,Marwar Balia
MBNL,Marwar Bhinmal
MCPE,Marwar Chapri
MJ,Marwar Junction
MWT,Marwar Lohwat
MMY,Marwar Mathanya
MDW,Marwar Mundwa
MWJ,Marwasgram
ME,Masaipet
MST,Masit
MSW,Maskanwa
MSDN,Masudan
MSR,Masur
MAE,Matheran
MRT,Mathura Cant
MTJ,Mathura Junction
MUW,Mathurapur
MTB,Matlabpur
MTU,Matmari
MEM,Mau Aimma
MAU,Mau Junction
MRPR,Mau Ranipur
MZH,Mauhari
MLY,Maula Ali
MAUR,Maur
MAA,Maval
MVLK,Mavelikara
MVJ,Mavli Junction
MYK,Mayakonda
MV,Mayiladuturai J
MYY,Mayyanad
MGME,Mccluskieganj
MCA,Mecheda
MCRD,Mecheri Road
MPU,Medapadu
MED,Medchal
MUT,Meerut Cant
MTC,Meerut City
MGN,Meghnagar
MNO,Mehnar Road
MAI,Mehsi
MJA,Meja Road
MLTR,Melattur
MLMR,Melmaruvattur
MELH,Melusar
MYM,Memari
MQX,Meralgram
MRDL,Meramandolil
MTD,Merta Road Junction
MTP,Metupalaiyam
MTDM,Metur Dam
MYX,Metyal Sohar
MWE,Mewa Nawada
MSDG,Mhasoda Dongar
MHD,Mhmdvd Kheda Road
MHOW,Mhow
MDN,Midnapore
MGE,Migrendisa
MIN,Mihinpurwa
MIH,Mihrawan
MIL,Milak
MVN,Milavittan
MNL,Minchnal
MRJ,Miraj Junction
MK,Miranpur Katra
MCQ,Mirchadhori
MIQ,Mirhakur
MQL,Mirkhal
MRTL,Mirthal
MRGA,Miryalaguda
MZC,Mirza Cheuki
MZL,Mirzapali
MZP,Mirzapur
MFL,Misrauli
MSO,Misrod
MTI,Mitawal
MTHP,Mithapur
MYG,Miyagam Karjan
MYN,Miyana
MINA,Miyana
MDNR,Modinagar
MLB,Modnimb
MON,Modran
MDKU,Modukuru
MOGA,Moga
MHAD,Mohadi Prgn Lng
MQE,Mohammadkhera
MHND,Mohandi
MLJ,Mohanlalganj
MONR,Mohanur
MPML,Mohapani Mal
MJP,Moharajpur
MBP,Mohibullapur
MOP,Mohitnagar
MOG,Mohiuddinnagar
MO,Mohol
MHPE,Mohope
MKSR,Mokalsar
MKA,Mokameh Junction
MXL,Mokholi
MOMU,Molakalmuru
MOF,Mondh
MANU,Monu
MOR,Mor
MB,Moradabad
MKX,Morak
MRHT,Moranhat
MAP,Morappur
MVI,Morbi
MWK,Mordad Tanda
MRDD,Mordar
MRA,Morena
MGAE,Morgram
MOI,Mori Bera
MRND,Morinda
MKDN,Morkadhana
MRSH,Morshi
MXO,Morthala
MRN,Morwani
MOTH,Moth
MOTC,Motichur
MTR,Motipur
MWAD,Mowad
MOO,Muddanuru
MUE,Mudkhed
MFJ,Muftiganj
MGC,Mugat
MGS,Mughal Sarai Junction
MMA,Muhammadabad
MDJ,Muhammadganj
MEX,Mukerian
MKSP,Mukhasa Parur
MKT,Mukhtiar Balwar
MKPR,Muktapur
MKS,Muktsar
MCN,Mukundarayapurm
MKDD,Mukundawadi Ha
MFA,Mukuria
MME,Mul Marora
MCU,Mulacalacheruvu
MNTT,Mulanturutti
MAR,Mulanur
MOL,Muli Road
MULK,Mulki
MTY,Multai
MVD,Mulvad
BCT,Mumbai Central
CSTM,Mumbai Cst
MBF,Munabao
MDLM,Mundalaram
MND,Munderwa
MPH,Mundha Pande
MVE,Mundhewadi
MNU,Mundikota
MGKM,Mungaiakami
MNV,Mungaoli
MNGD,Muniguda
MRB,Munirabad
MQO,Munroturuttu
MUK,Munumaka
MUPA,Mupa
MUD,Muradnagar
MGM,Muragacha
MRR,Murarai
MPY,Murarpur
MRDW,Murdeshwar
MMVR,Murgamahadev Rd
MUP,Murhipar
MURI,Muri
MRBL,Muribahal
MZS,Murkeongselek
MRIJ,Murliganj
MSN,Mursan
MSDR,Murshadpur
MBB,Murshidabad
MZR,Murtajapur
MRTY,Murti
MRX,Murud
MQU,Murukkampuzha
MFKA,Musafir Khana
MUA,Musra
MBD,Mustabada
MOZ,Muzaffarnagar
MFP,Muzaffarpur Junction
MZM,Muzzampur Nryn
MYS,Mysore Junction
GZN,N Ghaziabad
NPK,N. Panakudi
NDAE,Nabadwip Dham
NBG,Nabenagar Road
NBA,Nabha
NIU,Nabipur
NDU,Nadauj
NBI,Nadbai
ND,Nadiad Junction
NDKD,Nadikode
NDW,Nadwan
NPL,Nagalapalle
NHY,Naganahalli
NGS,Nagansur
NGAN,Nagaon
NGT,Nagappattinam
NGE,Nagar
NUQ,Nagar Untari
NGI,Nagari
NG,Nagari
NRS,Nagaria Sadat
NGF,Nagarnabi
NSL,Nagarsol
NRR,Nagarur
NWA,Nagarwara
NGO,Nagaur
NAB,Nagbhir Junction
NAD,Nagda Junction
NJT,Nager Coil Town
NCJ,Nagercoil Junction
NGHW,Nageshwadi Halt
NGG,Nagina
NRDP,Nagireddipalli
NGLT,Naglatula
NCR,Nagore
NGTN,Nagothane
NGP,Nagpur
NPRD,Nagpur Road
NHK,Naharkatiya
NHLN,Naharlagun
NH,Naihati Junction
NKI,Naikheri
NIA,Naila
NYN,Naini
NIR,Nainpur Junction
NBD,Najibabad Junction
NCH,Nakachari
NKDO,Nakkanadoddi
NRO,Nakodar Junction
NAK,Naksalbari
NKX,Naktisemra
NAL,Nal Halt
NX,Nal Halt
NLD,Nalanda
NLV,Nalbari
NLDA,Nalgonda
NHT,Nalhati Junction
NLPD,Nallapadu
BVZ,Naloi Barwa
NW,Nalwar
NMKL,Namakkal
NBR,Namburu
NMKA,Namkhana
NKM,Namkon
NLI,Namli
NAM,Namrup
NMT,Namtiali
NANA,Nana
NRE,Nandalur
NED,Nanded
NDR,Nandesari
NDJ,Nandganj
NGN,Nandgaon
NAN,Nandgaon Road
NHM,Nandol Dehegam
NDE,Nandre
NN,Nandura
NDB,Nandurbar
NDL,Nandyal
NLDM,Nangal Dam
NNO,Nangloi
NNN,Nanguneri
NTW,Nanjangud Town
NNP,Nanpara Junction
NPS,Napasar
NRK,Naraikkinar
NRI,Naraina
NQR,Naraj Marthapur
NNGE,Narangi
NRGR,Naranjipur
NANR,Naranpur
NS,Narasapur
NRT,Narasaraopet
NASP,Narasingapalli
NRYP,Narayanapuram
NRPD,Narayanpet Road
NNR,Narayanpur
NRPA,Naraynpur Anant
NDN,Nardana
NUR,Narela
NOI,Nariaoli
NKE,Narkatiaganj Junction
NRKR,Narkher
NNL,Narnaul
NRD,Naroda
NU,Narsinghpur
NRP,Narsipatnam Road
NSX,Narsipuram Halt
NRW,Narwana Junction
NRWI,Narwasi
NSO,Nashipur Road
NK,Nasik Road
NSD,Nasirabad
NAS,Nasrala
NDT,Nathdwara
NAT,Nathnagar
NTZ,Nathwana
NNA,Naugachia
NUH,Naugarh
NWP,Naupada Junction
NTV,Nautanwa
NBM,Navabpalem
NVRD,Navade Road
NUD,Navagadh
NWU,Navapur
NVT,Navipet
NVS,Navsari
NAC,Nawa City
NGB,Nawabganj Gonda
NWD,Nawadah
NVG,Nawagaon
NWH,Nawalgarh
NAWN,Nawan
NAW,Nawandgi
NPD,Nawapara Road
NDAZ,Naya Azadpur
NYK,Naya Kharadia
NNGL,Naya Nangal
NYP,Nayadupeta
NYO,Nayagaon
NYG,Nayagarh
NYH,Nayandahalli
NZT,Nazareth
NAZJ,Nazirganj
NKD,Nekonda
NLR,Nellore
NEP,Nenpur
NEO,Neora
NOR,Neora Naddi
NPNR,Nepanagar
NRL,Neral
NRG,Nergundi
NOQ,New Alipurdaur
NAVI,New Amravat
NBPH,New Balarampur
NBQ,New Bongaigaon
NCB,New Cooch Behar
NDLS,New Delhi
NFK,New Farakka Junction
NGNT,New Guntur
NHLG,New Haflong
NHGJ,New Harangajao
NJP,New Jalpaiguri
NKJ,New Katni Junction
NMZ,New Mal Junction
NMX,New Maynaguri
NMM,New Misamari
NMDA,New Morinda
NTSK,New Tinsukia Junction
NYY,Neyyattinkara
NBP,Nibhapur
NDD,Nidadavolu Junction
NMJ,Nidamangalam
NDNI,Nidhani
NDZ,Nidigallu
NDO,Nidubrolu
NIQ,Nigaura
NHN,Nigohan
NHH,Nihalgarh
NILD,Nilaje
JNRD,Nilaje
NIIJ,Nilaje
NKW,Nilakantheswar
NIL,Nilambur Road
NLE,Nileshwar
NLKR,Nilokheri
NMK,Nim Ka Thana
NMH,Nimach
NKR,Nimar Kheri
NBH,Nimbahera
NBL,Nimbal
NB,Nimbhora
NIM,Nimdih
NMP,Nimpura
NILE,Nimtita
NDH,Nindhar Benar
NGA,Ningala Junction
NPW,Nipani Vadgaon
NPI,Nipania
NR,Niphad
NIRA,Nira
NKP,Nirakarpur
NSU,Nisui
NEW,Nivari
NIV,Nivasar
NWR,Niwar
NWB,Niwas Road
NOL,Niyol
NZB,Nizamabad
NIP,Nizampur
NMGT,Nmg Tamdalge
NRX,Noadar Dhal
NOMD,Noamundi
NHR,Nohar
NOK,Nokha
NKRA,Nokhra
NMD,Nomoda
NNE,Nonera
NRLR,Norla Road
NLP,North Lakhimpur
NOA,Nosaria
NRZB,Nowrozabad
NNW,Nrynpur Tatwar
NUA,Nua
NXN,Nuagaon
NDPU,Nudurupadu
NUJ,Nujella
NMGY,Numaligarh
NRA,Nunkhar
NRM,Nurmahal
NZD,Nuzvid
ODG,Obaidulla Ganj
OBR,Obra Dam
OBVP,Obulavaripalli
ODC,Oddam Hatram
ORH,Oddarahalli
OEA,Odela
ODHA,Odha
OKHA,Okha
OKA,Okhla
OMLF,Old Malda
OML,Omalur
OM,Omkareshwar Rd
ODM,Ondagram
OGL,Ongole
ORAI,Orai
ORGA,Orga
ORR,Orr
OSN,Osiyan
OTP,Ottappalam
PAI,Pabai
PCH,Pachhapur
PFR,Pachor Road
PC,Pachora Junction
PNWN,Pachwan
PDH,Padadhari
PDF,Padampur
PDGN,Padhegaon
PDQ,Padla
PDNR,Padnur
POU,Padrauna
PNJ,Padriganj
PDP,Padse
PFU,Padua
PDD,Padubidri
PGU,Padugupadu
PGA,Pagara
PCX,Pagla Chandi
PRE,Pahara
PRP,Paharpur
PRSR,Paharsar
PAK,Pakala Junction
PKRD,Pakara Road
PKK,Pakki
PK,Pakni
PKR,Pakur
PCLI,Palachauri
PALM,Palaiyam
PGT,Palakkad
PCV,Palakkodu
PKO,Palakollu
PM,Palam
PAE,Palana
PLNI,Palani
PNU,Palanpur Junction
PUE,Palari
PSA,Palasa
PLD,Paldhi
PLJ,Palej
PLG,Palghar
PGTN,Palghat Town
PAIL,Pali A
PMY,Pali Marwar
PLA,Palia
PLK,Palia Kalan
PBV,Paliba
POA,Palikona
PIT,Palitana
PKP,Pallikere
PYD,Palliyadi
PLSN,Palsana
PSO,Palsora Makrawa
PWL,Palwal
PMN,Paman
PBM,Pamban Junction
PMD,Pamidi
PMPE,Pampore
PAN,Panagarh
PAM,Panapakam
PNB,Panbari
PCN,Panch Pipila
PNGM,Panchgram
PCR,Panchra
PAW,Pandabeswar
PDW,Pandaul
PANP,Pandavapura
PVR,Pandharpur
PAR,Pandhurna
PMO,Pandoli
PLM,Paneli Moti
PNF,Pangaon
PJR,Pangri
PNYA,Paniahwa
PJB,Paniajob
PHI,Panikhaiti
PNP,Panipat Junction
PASG,Panisagar
PJGM,Panjgam
PNK,Panki
PAO,Panoli
PNPL,Panpali
PPO,Panposh
PRT,Panruti
PN,Pansar
PKU,Panskura
PBW,Pantnagar
PNVL,Panvel
PNM,Panyam
PML,Papanasam
PKL,Papinayaknahali
PDG,Paradgaon
PRDP,Paradip
PRDL,Paradol
PSK,Paradsinga Halt
PRY,Paraiya
PMK,Paramakkudi
PS,Paras
PASA,Parashshala
PUX,Parasia
PNME,Parasnath
PVU,Paravur
PRB,Parbati
PBN,Parbhani Junction
PAD,Pardi
PRWD,Parewadi
PIH,Parhihara
PSL,Parisal
PRLI,Parli Vaijnath
PMU,Parmanandpur
PGI,Parpanangadi
PRBZ,Parsa Bazar
PKRA,Parsa Khera
PSB,Parsabad
PRF,Parsipur
PSV,Parsneu
PSD,Parsoda
PSLI,Parsoli
PBH,Partapgarh Junction
PTU,Partur
PVP,Parvatipuram
PVPT,Parvatipuram Tn
PSDA,Pasivedala
PSR,Pasraha
PLU,Patakottacheru
PTP,Patal Pani
PTS,Patansaongi
PTRE,Patara
PAA,Patas
PTRD,Pataudi Road
PU,Patchur
PTK,Pathankot
PTKC,Pathankot Cantt
PBQ,Pathardih Bazar
PEH,Pathardih Junction
PHA,Patharia
PTKD,Patharkandi
PKB,Patharkhola S
PTLI,Pathauli
PARD,Pathrad
PTRL,Pathrala
PRI,Pathri
PBL,Pathsala
PTA,Patiala
PPTA,Patliputra
PNBE,Patna Junction
PNC,Patna Saheb
PTH,Patranga
PTRU,Patratu
PTZ,Patsul
PTB,Pattambi
PKQ,Pattikkad
PTWA,Patwara
PCM,Pavurchutram
PQE,Pawapuri Road
POE,Pawapuri Road H
PDR,Payagpur
PAZ,Payangadi
PDX,Payradanga
PAY,Payyanur
PYOL,Payyoli
PBD,Pedabramadvam
PAV,Pedana
PDKM,Pedanyknpalayam
PAVP,Pedda Avutapale
PKPU,Peddakurapadu
PDPL,Peddapalli
PVD,Peddavadiapudi
PPZ,Peddempet
PBP,Pembarti
PEN,Pen
PEC,Pencharthal
PDL,Pendekallu
PND,Pendra Road
PDT,Pendurti
PNDM,Pennadam
PKD,Penukonda
PUMU,Penumarru
PJ,Peppeganj
PEM,Peralam Jn
PER,Perambur
PRCA,Perecherla
PG,Pergaon
PERN,Pernem
PGZ,Perunguzhi
PLI,Pettaivayatalai
PGDP,Pgdp
PGW,Phagwara Junction
PLC,Phalodi
PLCJ,Phalodi Junction
PUD,Phanda
PFM,Phaphamau Junction
PHD,Phaphund
PEP,Phephna Junction
PES,Phesar
PDJ,Phiding
PHR,Phillaur Junction
PPM,Phirangipuram
FL,Phulera Junction
FLR,Phuleswar
PLP,Phulpur
PWS,Phulwari Sharif
PLJE,Phulwartanr
PUS,Phusro
PBA,Piardoba
PCQ,Pichkurirdhal
PGRL,Piduguralla
PLMD,Pilamedu
PIL,Piler
PGK,Pili Bangan
PBE,Pilibhit Junction
PDZ,Pilioda
PKW,Pilkhua
PMKT,Pimpalkhuti
PMP,Pimpri
PQL,Pindlai
PDRD,Pindra Road
PDE,Pindrai
PLW,Pingleshwar
PIZ,Pingli
PLS,Pipalsana
PPR,Pipar Road Junction
PED,Pipardahi
PPI,Pipariya
POF,Piparsand
PQA,Pipla Halt
PPF,Piplaj
PIP,Piplia
PPD,Piplod Junction
PPG,Piploda Bagla
PPA,Pipra
PPC,Pipraich
PIA,Pipraigaon
PFL,Piprala
PPH,Pipri Dih
PUO,Pir Umrod
PVRD,Piravam Road
PRDH,Pirdulesha Halt
PPT,Pirpainti
PRTL,Pirtala
PHV,Pirthiganj
PRM,Pirumadara
PW,Pirwa
PMR,Pitambarpur
PAP,Pithapuram
PLY,Plassey
PBKS,Pmbakvl Shandy
PCZ,Pocharam
PTJ,Podanur Junction
PKNS,Pokharni Nrsnha
PHN,Pokhrayan
PKF,Pokla
POK,Pokran
PRL,Polur
PDU,Ponduru
GOC,Ponmlai Gld Rck
PPJ,Pophlaj
PBR,Porbandar
PRNR,Porjanpur
PST,Posotia
PFT,Pothahi
POT,Pothia
PTKP,Potkapalli
POO,Potlapadu
POZ,Potul
PRKD,Powerkheda
PRH,Powerpet
PKA,Pradhankhunta
PRJ,Prantij
PNE,Prantik
PSPY,Prasannayanapal
PTPU,Prattiapadu
PRG,Prayag
PRPT,Prshtampatnam
PSX,Ptnsngi Twn Hlt
PDY,Puducherry
PUK,Pudukad
PDKT,Pudukkottai
PGR,Pugalur
PRV,Pukkirivari
PLO,Pulgaon Junction
PUA,Pulla
PMT,Pullampet
PUU,Punalur
PHK,Punarakh
PNW,Pundhag
PUN,Pundi
PDA,Pundooah
PUNE,Pune Junction
PNQ,Punkunnam
PPN,Punpun
PNSA,Punsia
PB,Puntamba
PNI,Puraini
PP,Puranpur
PSAE,Purbasthali
PURI,Puri
PAU,Purna Junction
PRNA,Purnia Junction
PRKE,Purua Khera
PRR,Purulia Junction
PSE,Pusauli
PUSA,Pusla
PTT,Putalapattu
PCU,Putlacheruvu
PUT,Puttur
PQN,Pwn Klaknder Road
QLD,Quilandi
RCG,Rachagunnari
RDF,Radhagaon
RQP,Radhakishorepur
RDHP,Radhanpur
RDP,Radhikapur
RBL,Rae Bareli Junction
RFJ,Rafiganj
RGU,Ragaul
RGPM,Raghavapuram
RGP,Raghunathpalli
RPR,Raghunathpur
RCTC,Raghunathpur
RRS,Raghuraj Singh
RHMA,Rahama
RNBT,Rahenbata
RBD,Rahimabad
RMP,Rahimatpur
RRI,Rahuri
RSNR,Rai Singh Nagar
RC,Raichur
RGQ,Raigadh Road
RGJ,Raiganj
RIG,Raigarh
RAG,Raigir
RKB,Raika Bagh
MTPR,Raimehatpur
R,Raipur Junction
RAIR,Rairakhol
RSI,Raisi
RWL,Raiwala
GP,Raj Gangpur
RJN,Raj Nandgaon
RJK,Raja Ka Sahaspr
RKM,Raja Ki Mandi
RJB,Rajabera
RJR,Rajaldesar
RJY,Rajamundry
RJA,Rajanagar
RNN,Rajankunti
RJPM,Rajapalayam
RAJP,Rajapur Road
RJI,Rajawari
RCD,Rajchandrapur
RJO,Rajendra Pul
RJQ,Rajendranagar
RHG,Rajgarh
RG,Rajghat Narora
RGD,Rajgir
RJG,Rajgram
RJS,Rajiyasar
RKSN,Rajkharsawan Junction
RKZ,Rajkiawas
RJT,Rajkot Junction
RM,Rajmane
RPJ,Rajpura Junction
RJU,Rajula City
RLA,Rajula Junction
RHE,Rakha Mines
RKH,Rakhiyal
RMC,Ram Chaura Road
RMJK,Ram Nagar J K
RMO,Ramakona
RMN,Raman
RMGM,Ramanagaram
RMD,Ramanathapuram
RMNP,Ramannapet
RRJ,Ramaraju Palli
RBA,Rambha
RBZ,Rambhaddarpur
RDRA,Ramdevra
RMM,Rameswaram
RGB,Ramganga
RMA,Ramganj Mandi
RMT,Ramgarh Cant
RGH,Ramgarhwa
RGI,Ramgiri
RDM,Ramgundam
RKL,Ramkola
RMF,Ramna
RMR,Ramnagar
RMRB,Ramnagar Bengal
RMU,Rampur
RMPB,Rampur Bazar
RDUM,Rampur Dumra
RPH,Rampur Hat
RMB,Rampura Beri
PUL,Rampura Phul
RSG,Ramsagar
RHA,Ranaghat Junction
RNL,Ranala
RPZ,Ranapratapnagar
RWO,Ranavav
RNC,Ranchi
RRME,Ranchi Road
RNGG,Rangaliting
RPAN,Rangapara North
RGM,Rangapuram
RNY,Rangiya Junction
RMH,Rangmahal
RTG,Rangtong
RANI,Rani
RNR,Ranibennur
RNG,Raniganj
RNV,Raniwara
RNJD,Ranjangaon Road
RNE,Ranjani
RNO,Ranoli
RNIS,Ranolishishu
RUR,Ranpur
RNT,Ranthambhore
RCJ,Ranyal Jasmiya
RTI,Raoti
RSYI,Rasayani
RASP,Rasipuram
RSR,Rasra
RUB,Rasulabad
RYS,Rasuriya
RSH,Ratan Shahr
RTGH,Ratangarh Junction
RXW,Ratangarh West
RPUR,Ratanpur
RTP,Ratanpura
RDDE,Rathdhana
RTM,Ratlam Junction
RN,Ratnagiri
RNU,Ratnapur
RAU,Rau
RUL,Rauli
RPK,Ravalpali Kalan
RV,Raver
RVD,Ravikampadu
RVKH,Ravindrakhani
RDT,Ravtha Road
RWJ,Rawania Dungar
RXL,Raxual Junction
RAY,Ray
RAYA,Raya
RDG,Rayadrug
RGDA,Rayagada
RLO,Rayalcheruvu
RYP,Rayanapad
RBG,Raybag
RJP,Razampeta
RECH,Rechni Road
REG,Regupalem
REJ,Rejinagar
REN,Ren
RGL,Rengali
RU,Renigunta Junction
RNQ,Renukut
RNW,Renwal
ROI,Reoti
RBK,Reoti B Khera
RAL,Repalle
RAKL,Rethorakalan
REWA,Rewa
RE,Rewari
RRL,Rewral
RDD,Rikhabdev Road
RGS,Ringas Junction
RSA,Risama
RKSH,Rishikesh
RS,Risia
REI,Rithi
RJPB,Rjndr Ngr Bihar
RSWT,Rmgrh Shekhwati
RKO,Rmkrshnaprm Gte
RQJ,Rningr Jlpaigri
RBGJ,Roberts Ganj
ROB,Robertson
ROHA,Roha
RT,Rohat
ROK,Rohtak Junction
RK,Roorkee
RHN,Roshanpur
RGO,Rotegaon
ROU,Rourkela
RWH,Rowriah Sdg
RWTB,Rowta Bagan
RPM,Royapuram
ROZA,Roza Junction
RDL,Rudauli
RUPC,Rudrapur City
RKD,Rukadi
RMY,Rukmapur
RUI,Rukni
RNH,Runkhera
RUSD,Runni Saidpur
RUM,Rupamau
RPD,Rupaund
RBS,Rupbas
RPAR,Rupnagar
RNPR,Rupnarayanpur
RPRD,Rupra Road
ROP,Rupsa Junction
RURA,Rura
ROA,Rusera Ghat
RTA,Ruthiyai
SBV,S Bhakhtiyarpur
SKAP,S K Para
SNC,S Narayan Chpla
SVPM,S Venkteswrpalm
SBI,Sabarmati Junction
SBT,Sabarmati Junction
SBO,Sabaur
SCH,Sachin
DSB,Sadar Bazar
SSPD,Sadashivapet Road
SDT,Sadat
SDE,Sadisopur
SDLP,Sadulpur Junction
SDS,Sadulshahr
SDUA,Sadura
SGJ,Safdarganj
SFH,Safedabad
SFX,Safilguda
SGDP,Sagadapata
SRF,Sagar Jambagaru
SDI,Sagardighi
SGL,Sagauli Junction
SAO,Sagoni
SRE,Saharanpur
SHC,Saharsa Junction
SHSK,Saharsrakund
STW,Sahatwar
SAHL,Saheli
SBB,Sahibabad
SBG,Sahibganj Junction
SKJ,Sahibpur Kml Junction
SASN,Sahibzada Asngr
SWA,Sahjanwa
SSPN,Sai P Nilayam
SADP,Saidapur
SYJ,Saidraja
SHRD,Saij Sertha Road
SNSI,Sainagar Shirdi
SFC,Saintala
SNT,Sainthia
SYWN,Saiyid Sarawan
SLD,Sakaldiha
SIL,Sakhi Gopal
SKF,Sakhoti Tanda
SKR,Sakhpur
SK,Sakhun
SKLR,Sakleshpur
SKI,Sakri Junction
SLJ,Sakrigali Junction
SKGH,Saktesgarh
SKT,Sakti
SQQ,Salagaon
SYA,Salaia
SMT,Salamatpur
SLS,Salanpur
SALE,Salar
SLNA,Salauna
SZ,Salawas
SLB,Salboni
SCA,Salchapra
SKS,Salekasa
SA,Salem Junction
SXT,Salem Town
SJSM,Salemgarhmasani
SRU,Salempur Junction
SALI,Sali
SCKR,Salichauka Road
SLKR,Salkaroad
SRI,Salmari
SLR,Salogra
SYL,Salpura
SAL,Salwa
SIO,Samakhiali
SIOB,Samakhiali B G
SMK,Samalkha
SLO,Samalkot Junction
SLY,Samalpatti
SQE,Samarala Halt
SPJ,Samastipur Junction
SMSR,Samaswara
SMBX,Samba
SBP,Sambalpur
SBPY,Sambalpur City
SBPD,Sambalpur Road
SBR,Sambhar Lake
SMR,Samdhari Junction
SMLA,Samlaya Junction
SMC,Samnapur
SPZ,Sampla
SM,Samsi
SMAE,Samudragarh
SMTA,Samuktala Road
SNL,Sanahwal
SAU,Sanand
SNF,Sanat Nagar
SWD,Sanawad
SCI,Sanchi
SAN,Sandila
SNX,Saneh Road
SNGR,Sanganapur
SNGN,Sanganer
SGRA,Sangaria
SGF,Sangat
SLI,Sangli
SGR,Sangmeshwar
SGLA,Sangola
SAG,Sangrur
SAC,Sanichara
SNJL,Sanjali
SJN,Sanjan
SANK,Sank
SNKR,Sanka
SNKL,Sankarankovil
SGE,Sankaridrug
SNQ,Sankarpur
SXP,Sankopara
SOA,Sanosra
SNRR,Sansarpur
SAT,Sant Road
SNTD,Santaldih
SNLR,Santalpur
SAB,Santamagulur
SRC,Santragachi Junction
SNVR,Sanvatsar
SVM,Sanverdam Chuch
SVO,Sanvrad
SONR,Saoner Junction
SZH,Saonga Halt
SPX,Sapatgram
SAPE,Sape Wamne
SPK,Sapekhati
SAH,Saphale
SDH,Saradhna
SRBA,Saragbundia
SGV,Saragchni
SAI,Sarai
SYC,Sarai Chandi
SQN,Sarai Kansrai
SMZ,Sarai Mir
SFW,Sarangpur
SRWN,Saraswatinagar
SBRA,Sarbahara
SDGM,Sardargram
SANR,Sardarnagar
SRDR,Sardarshahr
SUA,Sardiha
SGAM,Sareigram
SSR,Sareri
SIQ,Sarkoni
SRNT,Sarnath
SRL,Sarola
SZB,Sarona
SZA,Sarotra Road
SZR,Sarupathar
SRPR,Sarupsar Jn
SVD,Sarwari
SSM,Sasaram
SNS,Sasni
SSN,Sason
STKT,Sasthankotta
STR,Satara
STJT,Sathajagat
SAHI,Sathi
SAA,Sathiaon
SWF,Sathin Road
STA,Satna
STNL,Satnali
STD,Satrod
SAP,Sattenapalle
STUR,Satulur
SCO,Satuna
SRT,Satur
SGO,Saugor
SNH,Saunshi
SASR,Sausar
SYM,Savalyapuram
SVNR,Savanur
SVX,Savarda
SVKD,Savarkundla
SAV,Savda
SWM,Sawai Madhopur
SVG,Sawalgi
SWV,Sawantwadi Road
SYN,Sayan
SBBJ,Sbb Jogulamba H
SBW,Sbewbabudih
SDAH,Sealdah
SC,Secunderabad Junction
SEH,Sehore
SELU,Selu
SMO,Semapur
SES,Semari
SRKI,Semarkheri
SCE,Senchoa Jn
SEU,Sendra
SCT,Sengottai
SEO,Seohara
SEY,Seoni
SHE,Seoraphuli
SEM,Seram
SRP,Serampore
SET,Settihally
SEGM,Sevagram
SWPR,Sewapuri
SDNR,Seydunganallur
SHDR,Shadhoragaon
SHNR,Shadnagar
SDB,Shahabad
SHDM,Shahbad Marknda
SDL,Shahdol
SHG,Shahganj Junction
SZP,Shahjahanpur
SPN,Shahjehanpur
SPP,Shahpur Patoree
SAR,Shahzad Nagar
STSN,Shaitansinghngr
SFY,Shajapur
SKTN,Shakti Nagar
SSB,Shakurbasti
SHLT,Shalashah Thana
SHM,Shalimar
SCQ,Sham Chaurasi
SMP,Shambhupura
SGZ,Shamgarh
SJS,Shamlaji Road
SMQL,Shamli
SRJ,Shankargarh
SKP,Shankarpalli
SAS,Shdspra Padmpra
SED,Shedbal
SEG,Shegaon
SHK,Sheikpura
SLGH,Shelgoan H
SEI,Shendri
SHNX,Sheo Singh Pura
SPDR,Sheoprasadnager
SRKN,Sherekan
SRTL,Shertalai
SKY,Shikara
SKB,Shikohabad Junction
SMLG,Shimiliaguda
SME,Shimoga
SMET,Shimoga Town
SIW,Shirravde
SHF,Shirud
SOP,Shiupur
CSB,Shivaji Bridge
SLPM,Shivalingapuram
SVRP,Shivanarayanpur
SHV,Shivani
WSC,Shivarampur
SHNG,Shivnagar
SVT,Shivpura
SVPI,Shivpuri
SWC,Shivrampur
SVDK,Shmata V D Ktra
SGS,Shoghi
SDN,Sholavandan
SHU,Sholinghur
SRR,Shoranur Junction
SIM,Shri Amirgadh
SBLJ,Shri Balaji
SBHN,Shri Bhavnath
SGNR,Shri Ganganagar
SRW,Shri Karanpur
SMPR,Shri Madhopur
SMBJ,Shri Mahabirji
SBLT,Shribdrya Lathi
SRID,Shridham
SGND,Shrigonda Road
SAGR,Shrirajnagar
S,Shrirangapatna
SUP,Shrungavarpukta
SJT,Shujaatpur
SJP,Shujalpur
SNR,Shyamnagar
SMPA,Shyampuri
SRTN,Sibsagar Town
SID,Siddhpur
SD,Sidhauli
SDMK,Sidmukh
SGDM,Sigadam
SIPR,Sihapar
SIHO,Siho
SOJN,Sihor Gujarat
SHR,Sihora Road
SKQ,Sikandarpur
SKA,Sikandra Rao
SIKR,Sikar Junction
SKPI,Sikarpai
SZY,Silak Jhori
SILO,Silao
SPTR,Silapathar
SLT,Silaut
SCL,Silchar
SHTT,Silghat Town
SLH,Siliari
SGUD,Siliguri
SGUJ,Siliguri Junction
SGUT,Siliguru Town
SLF,Silli
SLGR,Simaluguri Junction
SAE,Simaria
SMBL,Simbhooli
SCM,Simhachalam
SML,Simla
STL,Simultala
SMX,Simurali
SDD,Sindhawadar
SNDD,Sindhudurg
SNI,Sindi
SNK,Sindkheda
SDPN,Sindpan
SDBH,Sindriblock Hut
SYW,Sindurwa
SKL,Singaperumlkoil
SPRD,Singapuram Road
SGRM,Singaram
SKM,Singarayakonda
SNPR,Singarpur
SNGP,Singhpur
SGRL,Singrauli
SINI,Sini Junction
SRJN,Sirajnagar  H
SRY,Sirari
SRAS,Siras
SRO,Sirathu
SIRD,Sird
SIR,Sirhind Junction
SRPM,Siripuram
SRJM,Sirjam
SY,Sirkazhi
SOH,Sirohi Road
SKZR,Sirpur Kagazngr
SRUR,Sirpur Town
SSA,Sirsa
SSL,Sirsaul
SSF,Sirsuphal
SSKA,Sisarka
SVHE,Sisvinhalli
SBZ,Siswa Bazar
STBJ,Sitabinj
STPD,Sitafal Mandi
STNR,Sitalnagar
STLR,Sitalpur
SMI,Sitamarhi
STPT,Sitampet
SNM,Sitanagaram
STP,Sitapur
SCC,Sitapur Cant
SPC,Sitapur City
STN,Sitarampur
SURI,Siuri
SVGA,Sivaganga
SVJR,Sivajinagar
SVKS,Sivakasi
SVN,Sivungaon
SWE,Siwaith
SV,Siwan Junction
SWNI,Siwani
SBD,Sleemanabad Road
SEP,Sodpur
SOGR,Sogra
SGP,Sohagpur
SLW,Sohwal
SOD,Sojat Road
SOL,Solan
SBY,Solan Brewery
SUR,Solapur Junction
SLM,Somalapuram
SKPT,Somanayakkanpti
SNO,Somanur
SOS,Somesar
SMWA,Someshwara
SDV,Somidevipalle
SOM,Somna
SMNH,Somnath
SPT,Sompeta
SOAE,Somra Bazar
SMNE,Somtane
SEB,Son Nagar
SAD,Sonada
SVH,Sonadanga
SOR,Sonagir
SYZ,Sonai
SXN,Sonakhan
SI,Sonalli
SNSN,Sonasan
SBM,Sonbarsa Kcheri
SNV,Sondad
SCN,Sondha Road
SNN,Sonegaon
SGD,Songadh
SONI,Soni
SIC,Sonik
SNP,Sonipat
SEE,Sonpur Junction
SNSL,Sonshelu
SQL,Sontalai
SWR,Sonua
SWO,Sonwara
SBE,Sorbhog Junction
SORO,Soro
SRN,Soron
SRNK,Soron
SPQ,Sorupeta
SDGH,Sri Dungargarh
KHT,Sri Kalahasti
CHE,Srikakulam Road
SKN,Srikrishn Nagar
SNAR,Srinagar
SINA,Srinagar
SHAN,Srinivasa Nagar
SRNR,Sriramnagar
SRGM,Srirangam
SVV,Srivaikuntam
SVPR,Srivilliputtur
SPF,Stuartpuram
SBNM,Subarnamrigi
SFG,Subedarganj
SBHR,Subrahmanya Roa
SZM,Subzi Mandi
SDMD,Sudamdih
SUD,Sudhani
SDRA,Sudhrana
SDF,Sudsar
SOW,Suhsarai
SSIA,Suisa
SUJH,Sujangarh
SJNP,Sujanpur
SPLE,Sujnipara
SUW,Sukhisewaniyan
SKND,Sukinda Road
SN,Sukna
SOY,Sukrimangela
SQF,Sukritipur
SXV,Suku
SUKU,Suku
SUL,Suladhal
SUH,Sulehalli
SLGE,Sulerjavalge
SGRE,Sulgare
SGRD,Sulgare
SPE,Sullurupeta
SGG,Sultanganj
SLN,Sultanpur
SQR,Sultanpur Lodi
SUMR,Sumer
SHZ,Summer Hill
SMRR,Sumreri
SUC,Sunak
SFM,Sunam
SZK,Sur Khand Ka Kh
SRX,Sura Nussi
SIP,Suraimanpur
SRGH,Surajgarh
SUPR,Surajpur
SJQ,Surajpur Road
SDM,Surareddipalem
ST,Surat
SOG,Suratgarh Junction
SL,Surathkal
SURP,Suratpura
SURL,Sureli
SUNR,Surendranagar
SRGT,Surendranagar G
SRRG,Surer
SGBJ,Surgaon Banjari
SAW,Suriawan
SPO,Surpura
SWS,Suwansa
SVA,Suwasra
SDLE,Swadinpur
SRPJ,Swarupganj
TPY,Tadakalpudi
TAE,Tadali
TDD,Tadepalligudem
TU,Tadipatri
TVL,Tadwal
THP,Taherpur
TSD,Tahsil Bhadra
TSF,Tahsil Fatehpur
TBR,Taiabpur
TJP,Tajpur
TJD,Tajpur Dehma
TAKL,Takal
TKR,Takari
TKHE,Takarkhede
TQA,Takia
TKI,Takli
TKLB,Takli Bhansali
TKMY,Taklimiya
TSL,Taksal
TAKU,Taku
TAY,Talaiyuthu
TLKH,Talakhajuri
TMC,Talamanchi
TLO,Talandu
TBT,Talbahat
TLHR,Talcher
TLHD,Talcher Road
TLC,Talchhapar
TGN,Talegaon
TLE,Talgaria
TLGP,Talguppa
TIT,Talit
TLJ,Taljhari
TMD,Talmadla
TOD,Talod
TPND,Taloja Panchand
TLV,Talvadya
TWB,Talwandi
TBM,Tambaram
TOI,Tamkuhi Road
TMZ,Tamluk
TAO,Tamna
TPU,Tanakpur
TDO,Tanda Urmar
TDU,Tandur
TGM,Tangarmunda
TGRL,Tangiriapal
TNL,Tangla
TRA,Tangra
TNR,Tanguturu
TKN,Tankuppa
TNKU,Tanuku
TA,Tanur
TAPA,Tapa
TPZ,Tapri
TVI,Taradevi
TAN,Tarana Road
TRR,Taraori
TPF,Tarapith Road
TEA,Taregna
TAZ,Targaon
TGU,Tarigoppula
TKE,Tarikere Junction
TLU,Tarlupadu
TRS,Tarsarai
TR,Taru
TATA,Tatanagar Junction
TBH,Tatibahar
TAC,Taticherla
TIS,Tatisilwai
TGA,Teghra
THA,Tehta
TKBG,Tekkabigha
TQM,Telam
TOU,Telaprolu
TLMR,Teliamura
TELO,Telo
TETA,Telta
TEL,Tenali Junction
TGQ,Tenganmada
TSI,Tenkasi Junction
TTLA,Tetelia
TTU,Tettu
TET,Tetulmari
THY,Thadi
TKG,Thakurganj
TKC,Thakurkuchi
TKH,Thakurtota
TLY,Thalassery
THKU,Thallak
TLWA,Thalwara
THAN,Than Junction
THB,Thana Bihpur Junction
THDR,Thandla Road
TNA,Thane
TJ,Thanjavur
TAR,Tharsa
THMR,Thathana Mithri
THE,Thawe Jn
TGE,Thekeraguri
THV,Therubali
TVR,Thiruvarur Junction
THVM,Thivim
TOK,Thokur
TDV,Thondebhavi
TCR,Thrisur
THUR,Thuria
TIBI,Tibi
TIHU,Tihu
TKYR,Tikaria
TKWD,Tikekarwadi
TKRI,Tikiri
TQN,Tikunia
TKJ,Tilak Bridge
TIU,Tilaru
TLT,Tilati
TIA,Tilaya
TBB,Tilbhita
TLD,Tilda
TDLE,Tildanga
TLH,Tilhar
TL,Tiloniya
TBN,Timarni
TBV,Timbarva
TIM,Timmanacherla
TMX,Timmapur
TMT,Timtala
TDH,Tindharia
TMV,Tindivanam
TPH,Tinpahar Junction
TSK,Tinsukia Junction
TPK,Tipkai
TTR,Tiptur
TUL,Tiraldih
TP,Tirchrpali Fort
TRO,Tirora
TPJ,Tiruchchirapali
TCN,Tiruchendur
TPTN,Tiruchrpali Twn
TPE,Tiruchrpli Plki
TRK,Tirukoilur
TMQ,Tirumangalam
TEN,Tirunelveli
TUA,Tirunnavaya
TDPR,Tirupadripulyur
TDN,Tiruparankndrm
TPTY,Tirupati
TPT,Tirupattur Junction
TUP,Tiruppur
TIR,Tirur
TTL,Tiruttangal
TRT,Tiruttani
TRVL,Tiruvalla
TNM,Tiruvannamalai
TRB,Tiruverumbur
TISI,Tisi
TSA,Tisua
TTB,Titabar
TGH,Titagarh
TIG,Titlagarh
TTW,Titwa
TIW,Tivari
DJR,To Darjeeling
DJRZ,To Darjeeling
TDP,Todarpur
TUN,Tohana
TMKA,Tomka
TPQ,Topokal
TNGL,Toranagallu
TRAN,Torang
TORI,Tori
TBAE,Tribeni
TKQ,Trikarpur
TLMD,Trilochan Mahdo
TRTR,Triupunittura
TVC,Trivandrum Cntl
TVP,Trivandrum Pett
TRL,Trivellore
TSR,Tsunduru
TFGN,Tufanganj
TGL,Tuggali
TKD,Tuglakabad
TPNI,Tuiya Pani
TTZ,Tukaithad
THO,Tulin
TGP,Tuljapur
TLR,Tulsipur
TLI,Tulwara Jhil
TK,Tumkur
TMR,Tumsar Road
TDL,Tundla Junction
TUNG,Tung
TUNI,Tuni
TUX,Tunia
TKB,Tupkadih
TUVR,Turavur
TRKR,Turekala Road
TKPY,Turkapalli
TZR,Turki Road
TTI,Turtipar
TME,Tuti Melur
TN,Tuticorin
TUV,Tuvvur
TWG,Twining Ganj
TXD,Tyada
TCL,Tyakal
UCA,Uchana
UCP,Uchippuli
UAM,Udagamandalam
UDZ,Udaipur City
ULG,Udalguri
UKR,Udalkachar
UDS,Udasar
UDGR,Udgir
UHP,Udhampur
UDN,Udhna Junction
UMS,Udramsar
UD,Udupi
UVD,Udvada
UGR,Ugar Khurd
UGNA,Ugna Halt
URPR,Ugrasenpur
UGWE,Ugwe
UJ,Ujalvav
UJH,Ujhani
UJP,Ujiarpur
UJN,Ujjain Junction
USD,Ukai Songadh
UKH,Ukhali
UKA,Ukhra
UKN,Uklana
UKC,Ukshi
UPD,Ulavapadu
ULNR,Ulhasnagar
ULL,Ullal
ULB,Ulubaria
UTA,Umar Tali
UM,Umardashi
UMR,Umaria
UIH,Umaria Ispa Hlt
UBR,Umbargam Road
UR,Umdanagar
UMED,Umed
UMRA,Umra
ULA,Umra Nala
UMRI,Umri
UHL,Una Himachal
UAR,Unawa Aithor
UCR,Unchahar Junction
UCH,Unchaulia
UND,Unchdih
UHR,Unchhera
UCB,Unchi Bassi
UDM,Undasa Madhawpu
UNDI,Undi
VGT,Unguturu
UNL,Unhel
URL,Unjalur
UJA,Unjha
ON,Unnao Junction
URD,Untare Road
URML,Uparmal
UA,Upleta
OPL,Uppal
UAA,Uppala
UGD,Uppugunduru
UREN,Uren
URGA,Urga
URK,Urkura
URMA,Urma
URI,Uruli
USL,Usalapur
UMD,Usmanabad
UPR,Usmanpur
UTL,Utarlai
UTD,Utarsanda
UTR,Utrahtia
URN,Utran
UKL,Uttukuli
BDJ,Vadakara
VDN,Vadgaon
VDGN,Vadgaon Nila
WDN,Vadgaon Nila
VMD,Vadlamannadu
VXD,Vadod
BRC,Vadodara Junction
VBW,Vaibhavwadi Road
VARD,Vaikam Road
VPZ,Vailapuzha
VTN,Vaitarna
WKA,Vakav
VAPM,Valapattanam
VGE,Valappadi G Hlt
VLT,Valathoor
VV,Valivade
VVE,Valivade
VRU,Valiveru
VLI,Vallikunnu
VLY,Valliyur
BL,Valsad
VBR,Vambori
VGI,Vangani
VGN,Vangaon
VN,Vaniyambadi
VNB,Vaniyambalam
VAPI,Vapi
VRX,Varahi
BCY,Varanasi City
BSB,Varanasi Junction
VNA,Varangaon
VRE,Varediya
VAK,Varkala
VRM,Varnama
VTJ,Vartej
VVA,Varvala
VDA,Vasad Junction
BSR,Vasai Road
VSG,Vasco Da Gama
VAT,Vatlur
VTA,Vatva
VDE,Vedayapalem
VDH,Vedchha
VEER,Veer
VJA,Vejandla
VLCA,Velalacheruv Ht
VLKN,Velankanni
VELI,Veli
VLE,Vellacheruvu
VLNK,Vellankanni
VLR,Vellore Cant
VT,Vellore Town
VMU,Vemuru
VDD,Vendodu
VND,Vendra
VKT,Venkatachalam
VKI,Venkatagiri
VKR,Venkatnagra
VRL,Veraval
VKA,Verka Junction
VEN,Verna
VTM,Vetapalemu
BHS,Vidisha
VWA,Viduraswattha
VPDA,Vidyapatidham
VPN,Vidyapatinagar
VDS,Vidyasagar
VJF,Vijapur
VJP,Vijay Pur
BZA,Vijayawada Junction
VJPJ,Vijiypur Jammu
VKB,Vikarabad Junction
VKH,Vikhran Road
VMA,Vikramgarh Alot
VRG,Vikramnagar
VL,Vilad
VID,Vilavade
VYK,Vilayatkalan Road
VM,Villuparam Junction
BDL,Vindhyachal
VINH,Vinhere
VKN,Vinukonda
VG,Viramgam Junction
VRLR,Virani Alur
VP,Virapur
VR,Virar
VRV,Viravada
VRVL,Viravalli
VVM,Viravasaram
VRH,Virbhadra
VRR,Virpur
VPT,Virudunagar Junction
VPR,Visapur
VSKP,Vishakapatnam
VNUP,Vishnupuram
VRB,Vishrambag
VSI,Vishvamitri
VS,Vishvamitri
VNE,Viswanath Chrli
VDL,Vithisvarankol
VVB,Viveka Vihar
VZM,Vizianagram Junction
VRI,Vridhachalam Junction
VYA,Vyara
VYN,Vyasnagar
WRC,W R S Colony Ph
WKI,Wadakancheri
WDG,Wadegaon
WC,Wadhwan City
WADI,Wadi
WDR,Wadiaram
WDA,Wadrengdisa
WSA,Wadsa
WDS,Wadsinge
WDLN,Wadwal Nagnath
WAIR,Wair
WJR,Walajah Road Junction
WND,Wan Road
WNG,Wanegaon
WANI,Wani
WKR,Wankaner Junction
WPR,Wanparti Road
WSJ,Wansjaliya
WL,Warangal
WR,Wardha Junction
OYR,Waria
WRS,Waris Aleganj
WRR,Warora
WOC,Warud Orange Ct
WST,Washermanpet
WHM,Washim
WSB,Washimbe
WTR,Wathar
WZJ,Wazerganj
WEL,Wellington
WENA,Wena
WFD,Whitefield
VHGN,Wihirgaon
WIRR,Wirur
WDM,Wyndhamganj
BDVR,Xxxxxxxxxxxxxx
YG,Yadgir
YLG,Yalvigi
JAB,Yamuna Bdg Agra
YJUD,Yamunanagar Jud
YAL,Yataluru
YDM,Yedamangala
YSI,Yedshi
YNK,Yelhanka Junction
Y,Yeliyur
YLK,Yellakaru
YL,Yeola
YPD,Yerpedu
YA,Yerraguntla
YPR,Yesvantpur Junction
YT,Yevat
YFP,Yusufpur
ZBD,Zafarabad Junction
ZB,Zahirabad
ZNA,Zamania
ZPI,Zampini
ZPL,Zangalapalle
ZARP,Zarap
ZW,Zawar
